occupation,all states_2000–09,all states_2005–14,all states_2010–19,all states_2015–24,all states_states,balanced_2000–09,balanced_2005–14,balanced_2010–19,balanced_2015–24,balanced_states
accountant,-0.017547024006175672,-0.0126367714604648,-0.010562027693372687,-0.00764364958107997,42,-0.017547024006175672,-0.014907457771438109,-0.00012069905434708176,-0.005120997112629782,11
administrator,1.119457066004973e-05,0.00468775698048205,0.004306316755288255,0.010191237759011925,51,1.119457066004973e-05,0.0036718075867055674,0.0046125725145949245,0.007594066535387018,40
architect,-0.038050353568034725,-0.026375408206627725,-0.025337063176632917,-0.023447357465264655,51,-0.03534369676224795,-0.02980722416915342,-0.02740143418001706,-0.027115088577493545,25
artist,-0.002293348558132253,-0.0015942512172704001,0.001054470605027806,0.008984720731209764,51,-0.002293348558132253,-0.001035470063128298,0.0013196859148239305,0.008504257260922032,46
athlete,-0.011454588115756874,-0.01041161177806777,-0.010308235055458255,-0.003274616045705187,50,-0.011454588115756874,-0.009591514093616025,-0.011168961311638574,-0.003880230057593534,44
attendant,0.01727804320191357,0.0317067177936158,0.02469123490806536,0.011691159584889156,43,0.016487015922510524,0.030704214690948514,0.029345108200364782,0.021690479508800674,17
attorney,-0.017857089474420062,-0.013669176239842323,-0.013566780186592015,-0.013269088242114781,51,-0.017857089474420062,-0.013674288664674879,-0.013128121505020475,-0.013473785413622602,48
author,-0.004835361443991172,-0.0009881925009776443,0.0024716103887110416,0.008788214389105776,51,-0.004835361443991172,-0.0018294174388202697,0.0035792200170107072,0.00941707776752226,43
biologist,-0.020031473238795793,-0.02265375403735134,-0.018034137639331003,-0.01650790222898615,47,-0.020031473238795793,-0.019507453143430657,-0.014524491166029191,-0.015469686878411883,12
broker,-0.0314152361484655,-0.03537567581910696,-0.02581181525014852,-0.02025567457705031,44,-0.0314152361484655,-0.03171396718339996,-0.024761474787881266,-0.019811312091624834,15
carpenter,-0.021711838880903524,-0.02306667723182912,-0.02145052574963083,-0.01772252343060659,48,-0.021711838880903524,-0.021716717417211272,-0.021000990949634778,-0.017936989391404864,34
chef,-0.01745800391859304,-0.009221415985031898,-0.007876188109251012,-0.004135033489551573,50,-0.01745800391859304,-0.007377110889362712,-0.007414165227219389,-0.006850748654169664,33
clerk,-0.0015020024551857182,0.002583933093231542,0.005586452614099398,0.012366172587545169,51,-0.0015114036004487612,0.005044597820472832,0.00878145159104391,0.016873932133344923,40
coach,-0.023602073928909128,-0.02503575848092646,-0.026334078859475987,-0.02470903435135115,51,-0.023602073928909128,-0.024470424809612982,-0.026697035697294497,-0.024230400499176852,48
consultant,-0.023613851074077197,-0.016789424210340544,-0.006072682948866236,-0.009736853813091494,50,-0.023613851074077197,-0.01609973092972063,-0.00521207262940316,-0.008871744097603934,32
contractor,-0.039279488285395535,-0.035507235388394134,-0.032690160795855114,-0.029906425842103998,50,-0.039279488285395535,-0.037143492254404616,-0.03376145846803473,-0.030017590171459083,29
counselor,0.022792393892816835,0.02688964045817764,0.032041692098221594,0.029688218350172196,50,0.022792393892816835,0.028845905938120607,0.03368587766943644,0.030320785482850197,32
dancer,0.01550838039841269,0.016668756815559113,0.03007208160563917,0.021857324018933953,48,0.014905775856619249,0.024400811058178623,0.036340429392588275,0.026414168027593228,27
dentist,-0.00840487228757946,-0.005658599215865592,0.0006136036001931452,0.0007280057764419301,43,-0.00840487228757946,-0.012137345780661708,-0.009360676779760348,-0.0039747153521025,12
designer,0.0015142118476074286,0.006014911632543982,0.007535865122064959,0.011858768166108601,49,0.0015142118476074286,0.00916401951872863,0.011953158668750978,0.015170936667041418,28
detective,-0.026396916720415557,-0.026179764035622295,-0.030331094264888954,-0.03175204710131846,50,-0.026396916720415557,-0.029531505917223845,-0.03206081885713991,-0.03293776027072747,41
dispatcher,0.0022598220501123785,-0.01298581807303429,-0.007092359726593398,-0.0018688573411444343,46,0.0022598220501123785,-0.005780327028481843,-0.004382812255530886,0.003640273024875879,14
doctor,0.017601632110629938,0.019448633682931864,0.018309276951181137,0.0182742425758179,51,0.017601632110629938,0.018037986819093556,0.01725465736667847,0.01922532005218695,47
driver,-0.012633527673070029,-0.01755086462306,-0.013075826467416136,-0.010990179923476505,51,-0.012633527673070029,-0.016838143084397152,-0.013374575370044245,-0.010957634619047613,48
editor,-0.015075871621866311,-0.00403638723184528,0.000499180156713245,0.0006366141411472099,51,-0.015075871621866311,-0.004671171314276326,0.0010172120553346936,0.0005519570239905292,48
engineer,-0.04584070107896129,-0.039599940439326894,-0.03351088412880273,-0.032556926534168175,50,-0.04584070107896129,-0.036085087690613075,-0.032032032791702844,-0.03262206800675033,39
executive,-0.025959338868721368,-0.01693678864886989,-0.00448793448163698,0.0017027024295770252,51,-0.025959338868721368,-0.01659450959396119,-0.0042103035800165394,0.0028352332242878955,48
farmer,-0.027063790889949257,-0.025581399628715827,-0.01799284487030623,-0.012131650900843092,50,-0.02709492224130809,-0.026561555715289113,-0.02014587689781144,-0.014395012587285925,43
firefighter,-0.021156614069903774,-0.026056133705773865,-0.025018358780244703,-0.02146131888049184,51,-0.020620837014985405,-0.02649820175316414,-0.025566399216686766,-0.02192913503527316,44
inspector,-0.023606120144035767,-0.0262993151464838,-0.02674105800265378,-0.022997116161418977,49,-0.023606120144035767,-0.024307855442486828,-0.023940202272506237,-0.022143180824516433,22
instructor,-0.012702873716106712,-0.006433777252654248,-0.001145385942961972,-0.0024460509747482482,50,-0.012702873716106712,-0.0052705311832294,0.0017655420428683002,-0.002192213115592975,36
journalist,-0.014171452990348603,-0.01397240710296389,-0.0064850039796522175,-0.0013055839119953195,51,-0.014171452990348603,-0.012842798112056629,-0.00411335895298691,-0.001205298720826417,29
judge,-0.008458468768862405,0.002366710651208759,0.006454746596947708,0.0026707181396856215,51,-0.008458468768862405,0.0020802918876512,0.007602523447240556,0.0029092770624135835,48
lawyer,-0.018741501274759476,-0.013478716769325818,-0.011570362165269365,-0.011514112649139487,51,-0.018741501274759476,-0.014001292347878738,-0.011677307653211373,-0.011225534521230119,46
librarian,0.0156055610117319,0.030178024126890007,0.032820323627206625,0.03197689749420615,46,0.0156055610117319,0.03500363220314522,0.04306290882536452,0.045725986694072615,13
manager,-0.025958545676679184,-0.024532570981301353,-0.017626758257089186,-0.010528805348969127,51,-0.025958545676679184,-0.024373453865460092,-0.017858667071409182,-0.009372424901006147,48
mechanic,-0.04540015336038179,-0.05101227755121072,-0.04874626608992607,-0.04637328616162613,47,-0.04540015336038179,-0.054697815673686076,-0.054816806089818024,-0.044794648519046854,23
miner,-0.026487399635917723,-0.03231883443660467,-0.025056975989920426,-0.020172024479967222,41,-0.025933183433751436,-0.03547015730066363,-0.031417627988209185,-0.02526778229750591,18
musician,-0.02036707111671222,-0.022959593732688247,-0.024296319620966032,-0.020840061484192703,50,-0.02036707111671222,-0.028314014964443503,-0.02637362089761013,-0.022434825494192144,35
nurse,0.036743723415373325,0.04773085956811713,0.05151200240868338,0.04854940089764017,50,0.036743723415373325,0.047475794808881276,0.05358211263533822,0.05241885808973684,41
painter,-0.020925045774211178,-0.01592737543509244,-0.00774949567424175,-0.007107524968024454,43,-0.01943516203042593,-0.01568117035403553,-0.0074968382312624055,-0.00578014556280935,18
paramedic,-0.0030346949684519533,-0.013720638670197549,-0.009869354581831444,-0.008017257396648976,46,-0.0030346949684519533,-0.010449089753281519,-0.012062315267445188,-0.0063984278292175,15
pastor,-0.02449011333043479,-0.02532783120913567,-0.023053023890953914,-0.023387434884895142,50,-0.02449011333043479,-0.02513015230320903,-0.022870165240551202,-0.02337646759275237,44
photographer,-0.015737025454897597,-0.012507632907177327,-0.009980961060998191,-0.007882995580057292,50,-0.015737025454897597,-0.011438403948349652,-0.00923497018403886,-0.0058568699038214385,34
physician,0.00723504742482455,0.010883657831597232,0.013282600053437725,0.013514401800313956,50,0.00723504742482455,0.008274457644131285,0.012096978258679007,0.012508959642443444,34
police,-0.01565403996999406,-0.017385184479637775,-0.02343148323609064,-0.024619611131458732,51,-0.01565403996999406,-0.018345183115677482,-0.02416055739883373,-0.024177728206584346,48
professor,-0.008837833008880943,-0.0067375848532337974,-0.0021522931098701802,0.002434800542597751,51,-0.008837833008880943,-0.005453964704363391,-0.0026349506477236196,0.0035851932058178046,46
prosecutor,-0.017027940813681943,-0.012107773676505531,-0.01086636152287563,-0.012642425797447012,51,-0.017027940813681943,-0.012345250304037094,-0.009499281299138917,-0.012101176372988597,47
psychologist,0.004953649828712415,0.01502750331166653,0.021169360210226168,0.018716227861475754,42,0.009281987106261342,0.009733656974276408,0.02169748907363915,0.026381374908773802,12
reporter,-0.010919258300885096,-0.001827970694405301,-0.0003417040584319861,-0.0004695447136247316,51,-0.010919258300885096,-0.002561521985882699,1.907809942863145e-05,-0.0007691895290143168,48
sailor,-0.02926694846066752,-0.026421464942572317,-0.027104611754539463,-0.028357219000105384,42,-0.02926694846066752,-0.02527575855822895,-0.025344390660768126,-0.027942653473750155,16
scientist,-0.010423645408596655,-0.012927570183244504,-0.005268897483484726,-0.004057537698750965,50,-0.010423645408596655,-0.012903602373725481,-0.004568834056205489,-0.005617448967277987,35
secretary,-0.013340854922940407,-0.004810782341655666,0.002673963001702812,0.004648183100932409,51,-0.013340854922940407,-0.00470119040038757,0.0023426255258245446,0.005766351751473655,47
sheriff,-0.023600164253359347,-0.02661537304467851,-0.023875081419753308,-0.02520035854291372,51,-0.023600164253359347,-0.02733949002846531,-0.02276843477743291,-0.02640204886036075,44
soldier,-0.036877722021189746,-0.03410176801921009,-0.03675181490636617,-0.03634822052021061,50,-0.036877722021189746,-0.03508165630271562,-0.0372414573695501,-0.03758900349557311,43
surgeon,-0.018728650854699345,-0.004522603904866811,-0.0014454972509496192,0.001142370400465538,50,-0.01837208783066894,-0.004377196733003,-0.007181480005437643,0.0028935097610818562,23
teacher,0.023273492701519353,0.02731461786881694,0.03126350600512647,0.03288899282309147,51,0.023273492701519353,0.027940079534207216,0.03181466733893101,0.033235540109454356,48
technician,-0.015164467889089962,-0.012733913280566844,-0.007640180627626048,-0.009295393168857052,49,-0.015164467889089962,-0.015181219371707334,-0.006228497978453869,-0.007198221112092747,26
therapist,0.027988334719888337,0.03675339924332117,0.039112002688961034,0.036288561403952764,50,0.027988334719888337,0.03974563177377162,0.03990111594132221,0.039007949593927886,20
trooper,-0.02447031188632735,-0.029840677779003198,-0.02960532677039644,-0.03055768337446342,48,-0.02447031188632735,-0.028688576846575765,-0.02867907016261724,-0.03126649278413589,35
veterinarian,0.008037935754868107,0.003739282736807843,0.013293635457912923,0.007816358915423732,45,0.008037935754868107,0.00873418569656317,0.02066273612896927,0.01174966442813473,13
writer,-0.010504136436307031,-0.004690043066424743,-0.0011150324931305,0.0006550231504848747,51,-0.010504136436307031,-0.003708338166990006,-0.0007231344340847542,0.0011021879508154983,48
