term,all states_2000–09,all states_2005–14,all states_2010–19,all states_2015–24,all states_states,balanced_2000–09,balanced_2005–14,balanced_2010–19,balanced_2015–24,balanced_states
appliances,-0.02306997624280579,-0.017468162848959513,-0.010705733723532911,-0.014472850028318628,39,-0.02306997624280579,-0.027107676168101013,-0.014497616144368357,-0.022662595567293886,7
baking,-0.0004961276678679806,0.004413623331513369,0.012479895837774422,0.020701249622810412,48,-0.0004961276678679806,0.006399839181002889,0.013359221617786285,0.02266590413106204,20
caregiver,0.047021734960643276,0.044781117809071264,0.045781935954500405,0.04090875754819608,47,0.047021734960643276,0.04886351123796171,0.04100897574192195,0.0512813559053958,8
childcare,0.0209385437853301,0.03601666799957152,0.03957703416818746,0.03257473056161258,41,0.0209385437853301,0.03760076804582405,0.03846748741176957,0.04292451122021925,4
chores,0.004000505590665256,-0.00233221424458889,0.0011946759061321204,-0.006207378855129878,34,0.004000505590665256,-0.00863816463207419,0.005290221262459244,-0.009320848385476178,9
cleaned,-0.012232899676686872,-0.010970412320043749,-0.007188595666712139,-0.0030336344211896694,49,-0.012232899676686872,-0.005875710060957472,-0.004373099132286361,-0.005225221553958428,21
cleaning,-0.0041159950987119664,-0.010741273729817648,-0.004570779240215766,-0.00041794368527810856,50,-0.004044920885228463,-0.005548956724089994,-0.0029379954942177484,-0.00019453441750117784,35
cooking,-0.0010148462891524,0.004209660050803381,0.005776778580552165,0.00886227408360102,50,-0.0012266830573842197,0.00520853431981757,0.007028855030443087,0.007630049314901056,36
daycare,0.009635400882926632,0.027332332227855253,0.030983535444845035,0.025354756643874876,43,0.009635400882926632,0.02212817646395347,0.030612431707561866,0.031594831517603,3
gardening,0.008243094586557078,0.003266932741748751,0.006521631696907948,0.008697090787304736,49,0.008243094586557078,0.005062340987764768,0.00857930693347369,0.006068456046586327,22
kitchen,0.00011107961126081925,0.008804393001459595,0.005244598618221432,0.007223484482834299,51,0.00011107961126081925,0.007854125548003238,0.005945077925583896,0.007315086485983776,46
laundry,0.0046430452047952625,0.005168193113655626,0.009468217727069872,0.008788132634476977,48,0.0046430452047952625,0.0044330165293666336,0.008433620704290863,0.0155511444463013,21
lunches,-0.0029016858811564,0.01895028611960699,0.015496998255264438,0.013380668278090396,43,-0.0029016858811564,0.013159318019363,0.0093405256512544,0.009375765194052225,4
meals,0.013035957769562215,0.011148051705013982,0.009919053687638601,0.009769326499262885,51,0.013035957769562215,0.01216877088046071,0.009929191006144924,0.009329647777420713,39
oven,-0.013081777168440938,-0.005231226166816755,-0.004547145143434762,-0.004670069560300471,49,-0.013081777168440938,-0.008044593232461473,-0.0019161318484344273,-0.006182316950183511,18
parenting,0.020115372835578783,0.03063841855591441,0.03037368391255821,0.029916604744917252,38,0.0190086995604939,0.03398779452981249,0.026967602398618368,0.02509469657868109,9
recipes,0.0020035163714680676,0.005774995901150109,0.010361925414630048,0.009510913510442807,50,0.0020035163714680676,0.00884876160215111,0.007362819968178493,0.008495378037673137,28
refrigerator,-0.0011305700770435816,-0.0010379046526389477,0.0014234301365887224,-0.0023452853753051636,38,-0.0008187420860837197,-0.00298062140270675,-0.00821106729433882,-0.0068045824068397095,10
sewing,0.00166330833925182,0.008103745839965778,0.017832893158907154,0.017314653024181916,46,0.0013107675783305785,0.014139586145228865,0.019474420903816354,0.023914276903435287,14
stove,-0.017424727091725423,-0.016031224949833917,-0.013841365507722504,-0.013845001402675777,42,-0.017355954211079,-0.01685857915167169,-0.013755398096422592,-0.015767504890442145,13
washing,-0.013816284714045307,-0.009180897427105794,-0.008638268392513734,-8.665741888455662e-05,49,-0.013816284714045307,-0.008035466375730988,-0.004997092144434587,0.0036861974031569254,16
