state,benefits_start_year,benefits_start,source
california,2004,2004-07-01,"A Better Balance, Paid Leave Program Implementation Timelines (8.1.23); New America explainer"
new_jersey,2009,2009-07-01,"A Better Balance (8.1.23); New America explainer"
rhode_island,2014,2014-01-01,"A Better Balance (8.1.23); New America explainer"
new_york,2018,2018-01-01,"A Better Balance (8.1.23); New America explainer"
washington,2020,2020-01-01,"A Better Balance (8.1.23); New America explainer"
district_of_columbia,2020,2020-07-01,"A Better Balance (8.1.23)"
massachusetts,2021,2021-01-01,"A Better Balance (8.1.23); New America explainer"
connecticut,2022,2022-01-01,"A Better Balance (8.1.23); New America explainer"
oregon,2023,2023-09-03,"A Better Balance (8.1.23); New America explainer"
colorado,2024,2024-01-01,"A Better Balance (8.1.23)"
