period,n_occupations,avg_bias,bias_se,avg_pct_diff,pct_diff_se,state
2005,37,-0.014800351711783552,0.004458415653145434,-26.619539804854096,8.193959113482192,alabama
2010,37,-0.009124203462454732,0.004708152726980857,-25.750713388985233,8.185957483847599,alabama
2015,37,-0.013051167488654944,0.0033899388956896963,-19.20938071178664,8.15291522166263,alabama
2020,37,-0.008871204233202892,0.0036278224869517517,-18.348566083753365,8.336417014303054,alabama
2005,19,0.0015898011630765803,0.006948129164669756,-12.50472105569436,10.943711902579244,alaska
2010,19,-0.005710026002212032,0.0047232587973189055,-6.58342575735057,10.49470930799477,alaska
2015,19,0.0011156527857812666,0.004456088971185546,-14.53318995568274,9.972094200379493,alaska
2020,19,-0.010117727736635674,0.005167152626147612,1.6094265180530476,12.438888464062417,alaska
2005,51,-0.013050202149786472,0.0029926593354018633,-26.229995025041354,6.0375993012140095,california
2010,51,-0.01309930273374582,0.0037639547345034393,-25.045608914258082,6.0325864784158085,california
2015,51,-0.00019943965086039015,0.004150202112458702,-21.699418716545626,5.937693326602197,california
2020,51,-0.00948781602463148,0.0035559858587966247,-18.8465804953193,5.862137641057468,california
2005,49,-0.005610043278443345,0.00317332020565071,-19.56218607623465,6.934039677639198,colorado
2010,49,-0.0016881741356505138,0.0028968811641999757,-17.637527024783566,7.012424033950694,colorado
2015,49,-0.00619720181382067,0.003656314646749633,-13.31571446661119,7.087616465820897,colorado
2020,49,-0.008830046945876925,0.003043553647222537,-14.873281684275344,6.791486413081885,colorado
2005,34,-0.017692956417434107,0.0038343192416092553,-16.68715266635617,8.021056474025977,connecticut
2010,34,-0.008806993195621475,0.00540155891318448,-18.029318229102245,7.657621555106264,connecticut
2015,34,-0.004083446731138953,0.00393416471150738,-16.283123945225572,7.826068861771222,connecticut
2020,34,-0.003410662597931086,0.002834433541900737,-12.723809270400956,7.92802452512512,connecticut
2005,16,-0.008213203614222488,0.011382050792813068,-26.73698161030794,12.504953140688714,delaware
2010,16,-0.007892218537879123,0.008411174236938082,-24.112481910674667,13.526222702249742,delaware
2015,16,-0.011006225908275928,0.007761847350728727,-26.016897900859192,11.692823662772826,delaware
2020,16,0.0035568416326931668,0.006232981228653744,-21.99432130917865,12.291780974319796,delaware
2005,23,-0.0289602519452437,0.006867016453857202,-4.852997516763122,5.961403945687254,district_of_columbia
2010,23,-0.017467700245398555,0.005887177624700725,-7.094462866565332,7.53501178158749,district_of_columbia
2015,23,-0.023007062239512013,0.005072692287897542,-9.352077213448153,6.977127453670242,district_of_columbia
2020,23,-0.0006726458153647523,0.007087860596473284,-4.389964136348913,7.473859447918261,district_of_columbia
2005,50,-0.018140636375063763,0.003827255940179789,-25.9645145586222,6.459454619579465,florida
2010,50,-0.00924160730068895,0.003512666812708343,-24.060098310718036,6.398030095008395,florida
2015,50,-0.0043706004284139975,0.002513711266776848,-21.449505937077312,6.26816264954423,florida
2020,50,-0.011065906647799344,0.003071948450071121,-18.11375787988401,6.279445952071326,florida
2005,38,-0.011536002852545591,0.003249866886894609,-21.689017473589132,7.8029909923294865,georgia
2010,38,-0.00792075927488902,0.0034518476837534294,-20.951446149842134,7.791236353303667,georgia
2015,38,-0.013001115006782688,0.00270098051249788,-17.805693831806437,7.555622395199792,georgia
2020,38,-0.004064887211241725,0.003288340917653241,-14.196369568423243,7.499104705097586,georgia
2005,24,-0.0060031173737670794,0.006211736225784732,-28.60705207345843,9.129378773810462,idaho
2010,24,-0.017720070476359498,0.005113615448769628,-35.46689923637128,8.980525658394283,idaho
2015,24,-0.010063373155488284,0.0043032923100323394,-22.653473895632235,9.30895558416013,idaho
2020,24,0.0006518390512148439,0.004790982093800034,-16.086682620021556,10.12413681492346,idaho
2005,52,-0.010731649621921406,0.0036825012888814885,-23.449503621767462,6.391665356131996,illinois
2010,52,-0.011361110655783527,0.0038382144239017743,-21.272119573094365,6.543228357711697,illinois
2015,52,-0.003590986931450264,0.0031680472040466626,-19.165721829153927,6.440275838360624,illinois
2020,52,0.0008191559274374311,0.00367516960979719,-17.05097580591139,6.25176505925683,illinois
2005,49,-0.014689269755498483,0.004298284023459315,-27.07770274706819,6.927152076720726,indiana
2010,49,-0.0033346140826222195,0.0032475171804072886,-24.64056009449648,7.0217552875475056,indiana
2015,49,-0.007756473349827591,0.0026567887365044683,-22.735698519793655,6.902856833443902,indiana
2020,49,0.0002579804634436101,0.00388806521528345,-19.12223611043484,6.983525987009368,indiana
2005,39,-0.018395387289645775,0.0034183239748041233,-17.780409452318242,8.483161568775008,iowa
2010,39,-0.007599672787497647,0.003699316998833792,-14.86433382900963,8.495689073995164,iowa
2015,39,-0.009857701564668368,0.00409173045444935,-17.55229206852231,8.497686090924693,iowa
2020,39,-0.006381968101314599,0.003339153082314404,-9.05567112531524,8.586219969275765,iowa
2005,25,-0.015885237384702888,0.006693438566445605,-24.119068491470205,10.575897669093921,kansas
2010,25,-0.0325186521719083,0.006778129841277306,-19.93276337846702,11.182347902848445,kansas
2015,25,-0.013511728701793508,0.005145440238703119,-25.121103697479015,10.53010095453824,kansas
2020,25,-0.011934424512446347,0.005047906386189499,-19.82030647397268,10.2776250896576,kansas
2005,33,-0.018633490283593103,0.005120319745346719,-29.67727519861927,9.197904393640727,kentucky
2010,33,-0.007661492197105657,0.00413012867916563,-27.93441323304582,9.512806773333235,kentucky
2015,33,-0.011666891712225708,0.004318107415963412,-24.813640935242812,9.082029780523678,kentucky
2020,33,0.00046412117721777497,0.0043540919846476196,-24.347868796546617,9.035990381190437,kentucky
2005,35,-0.01692188483655198,0.0057909264267617016,-29.589118299685612,8.43718711514895,louisiana
2010,35,-0.010444080784273594,0.004002536623076213,-26.029850165557676,8.525509310020494,louisiana
2015,35,-0.009425145308886562,0.003950046341078016,-25.11820432789758,8.25875959305532,louisiana
2020,35,-0.011994899636771127,0.0029468304665558383,-18.206233930689866,8.305701573789019,louisiana
2005,22,0.009971715974763186,0.004975124571309001,-24.997323571963285,9.701673938137187,maine
2010,22,-0.0030379169770765853,0.007246545580148509,-18.15174506364094,10.625008983714261,maine
2015,22,-0.0009326838230874667,0.006038751397454573,-16.536370141081534,9.937135556718061,maine
2020,22,0.0035432861923083855,0.00458664322832191,-15.718340366228858,10.12443088673962,maine
2005,39,-0.017168720707414573,0.003571364506435454,-20.296913949403002,6.991920398510125,maryland
2010,39,-0.013951962917288932,0.0037116521953565965,-18.05197282250685,6.919611217949629,maryland
2015,39,-0.0050422043755545595,0.0035480034658544168,-17.665770465896205,7.030418150979443,maryland
2020,39,-0.005941683511910654,0.003427786559081151,-14.19730293303795,6.769241088669361,maryland
2005,52,-0.02377436235660417,0.003600154159173001,-16.973527953740707,6.555305621952664,massachusetts
2010,52,-0.01572444400498505,0.00379246154851702,-17.289140812881644,6.4040096630709655,massachusetts
2015,52,-0.00883439891021559,0.003024356584266572,-14.613416490721038,6.817755218184169,massachusetts
2020,52,-0.006672454821713015,0.0031641276270753956,-14.880938804669382,6.4678568443862705,massachusetts
2005,49,-0.017615243119617104,0.0031235502299902093,-21.748119741282046,7.117641312794027,michigan
2010,49,0.00023082099573048338,0.00344645048863818,-20.000355163070342,6.997568561620988,michigan
2015,49,-0.005473035744369389,0.003767969007113405,-19.35849392363403,6.820070616966427,michigan
2020,49,0.002477125909652902,0.0026046611602298054,-15.610696881739779,6.6333357030437865,michigan
2005,48,-0.011776464309042283,0.0032313937296336716,-21.64408897875238,6.980245568656563,minnesota
2010,48,-0.004500963058357792,0.0030454828045320603,-19.598111803512428,6.904293531300561,minnesota
2015,48,-0.003975348992823172,0.003167458180063046,-15.92737737725784,6.9161336899288335,minnesota
2020,48,0.003908119479433464,0.003318095195313423,-16.27330264491064,6.890431111133488,minnesota
2005,33,-0.01534089104250768,0.004194637951694561,-22.987603886588534,9.349216000480418,mississippi
2010,33,-0.021439650410915553,0.004670627111405699,-27.063974633122882,9.252457916320422,mississippi
2015,33,-0.008651934982949744,0.00473334943057468,-27.31384995030591,9.183334997769936,mississippi
2020,33,0.001379646502070046,0.004988095552783335,-25.618254389931238,9.015623490157882,mississippi
2005,41,0.004265807511139924,0.0037148893261171804,-21.425390699691945,7.4924625871836685,missouri
2010,41,-0.01593526825399831,0.004319393017569253,-19.24517460709528,7.742746497977843,missouri
2015,41,-0.012900167025582474,0.0033463004665756435,-18.987888537125723,7.549843953557102,missouri
2020,41,-0.0048373365253280365,0.0037957188704277603,-18.488083207645175,7.296902263507487,missouri
2005,38,-0.005173406878722332,0.002619268823033752,-29.59535647682498,8.1566863477537,montana
2010,38,0.009199655376290075,0.005025129673360454,-25.632452819823087,8.076287564821406,montana
2015,38,-0.006904866303003807,0.0035697767187900242,-23.49042156775519,8.166179061833859,montana
2020,38,-0.0025636327466010147,0.003313219147034909,-18.442184362756034,7.9115784782122525,montana
2005,27,0.003516147160532234,0.004170066248141394,-15.449169460960789,9.541345143341855,nebraska
2010,27,0.00042672197584464405,0.005110978756821937,-16.050891314021563,8.835408492641148,nebraska
2015,27,-0.007692622965486422,0.0037075240363711975,-12.544520695893747,9.015200186215633,nebraska
2020,27,-0.0015596789016719228,0.004255636719757626,-8.691499896038762,8.960915381814425,nebraska
2005,38,-0.002875658293268483,0.005465030104902055,-25.19359409951834,7.126541009565884,nevada
2010,38,-0.006597540419493257,0.003430175984145138,-23.06575860178621,7.302647241370701,nevada
2015,38,-0.007139243028072854,0.0030086926185721027,-22.214024913860783,7.5901010409277685,nevada
2020,38,0.001633400611562004,0.0028936117263452217,-17.862219764815098,7.085857614983896,nevada
2005,21,0.024085293216291596,0.006272627117307653,-12.571396174738023,10.048871661962641,new_hampshire
2010,21,0.017769679537395083,0.005451228342230713,-7.719068458202545,10.971859831092434,new_hampshire
2015,21,0.021954242063579484,0.006118898431684789,-5.706180755867844,9.67950773035234,new_hampshire
2020,21,0.01313827621125199,0.005466603308795251,-10.759679323042874,10.291181445238301,new_hampshire
2005,41,-0.0011774634879579862,0.0047738270071043115,-22.090901271811905,7.44648058133632,new_jersey
2010,41,-0.015120471757013124,0.004247946181121988,-21.41065526987967,7.121532507620341,new_jersey
2015,41,0.008533308091340801,0.0036197958113703805,-20.92640846559417,6.94358725105249,new_jersey
2020,41,-0.01415848620525424,0.00359296961936127,-19.089532793073204,6.956030940545182,new_jersey
2005,52,-0.014015283163887619,0.003987163400502323,-24.78724327045919,6.130000700066894,new_york
2010,52,-0.006626591230001238,0.004197830792825997,-22.347988922806543,6.222286577360814,new_york
2015,52,-0.0067651814897181145,0.004143075691390684,-20.128612531503883,6.245856507982921,new_york
2020,52,-0.011003909212215824,0.003410003074527107,-18.211985587967305,6.089409580172509,new_york
2005,40,-0.016895546865649626,0.0039909442315246985,-25.04895135012983,7.74456287357607,north_carolina
2010,40,-0.009134063025055383,0.003035752939224546,-22.415571729520174,7.8532203595519325,north_carolina
2015,40,-0.010564668452825743,0.0031650524853763843,-19.2970372842577,7.639817190363895,north_carolina
2020,40,-0.00482943898146698,0.0036885051957768057,-17.33600914659969,7.395486652143387,north_carolina
2005,18,-0.04405245952532297,0.011725093779590582,-30.19951207027846,12.431431446733534,north_dakota
2010,18,0.0012946283847627663,0.007541765233591242,-27.763007584452843,13.342882862003979,north_dakota
2015,18,-0.01514807665597724,0.0040892858827034076,-13.512057995021069,12.902060529824533,north_dakota
2020,18,0.004994369714474934,0.005583956983656723,-16.222126652876298,11.684666546463715,north_dakota
2005,51,-0.006802061502890948,0.0027147198894640766,-23.220652500795648,6.324606584615614,ohio
2010,51,-0.00788104738277963,0.003796765143583627,-20.250149669830513,6.529039443985543,ohio
2015,51,-0.0022888666971416062,0.003059347525602013,-18.903409858993733,6.474550949091225,ohio
2020,51,-0.011115382076272651,0.003277479075356001,-15.536086388049636,6.430988508242095,ohio
2005,38,0.006261575363114569,0.0053146716706693195,-22.99074301019444,8.981844327649027,oklahoma
2010,38,-0.008403975024657454,0.003959292439399853,-19.915164570342093,8.829961440754467,oklahoma
2015,38,0.0038490820036797065,0.003281763481808397,-17.229230916814746,7.477799042582465,oklahoma
2020,38,-0.0029723378699994148,0.0035989765821377215,-12.10769479405134,7.9883930285626725,oklahoma
2005,45,-0.010843410066502948,0.0032563254296889862,-17.080089913087253,6.362914711661729,oregon
2010,45,0.007197130842130589,0.0032528127463692332,-16.986061652571177,6.601163937183638,oregon
2015,45,0.0030732696456357285,0.0031792210706440244,-12.617138091768366,6.301393803604774,oregon
2020,45,0.007896881600991319,0.002826955444736189,-6.985284576120699,6.439223233764461,oregon
2005,52,-0.018200162657689346,0.0033907583483600637,-22.993356140730818,6.738914828001707,pennsylvania
2010,52,-0.019787748885227226,0.003663574415028412,-20.554832151138783,6.77630759266818,pennsylvania
2015,52,-0.008260451649172145,0.003907161434620303,-19.153311953008885,6.523536652449177,pennsylvania
2020,52,-0.004598046443377205,0.003615174252577938,-17.690900290764265,6.26478617582126,pennsylvania
2005,22,-0.00596842472594355,0.011767414504088426,-4.8161093483221125,10.086370112651137,rhode_island
2010,22,-0.0036978043238844764,0.007051493468336415,-8.470685278546132,10.039155731454098,rhode_island
2015,22,-0.012295451308375222,0.006887957390806678,-5.928774007223581,9.451275860723893,rhode_island
2020,22,-0.021898026663955537,0.006095297764317694,0.3177568310867374,9.319724456665343,rhode_island
2005,26,-0.012373009228433178,0.005532447328283631,-27.9036403190273,9.42825626161433,south_carolina
2010,26,-0.018621971167676735,0.003947832631584669,-27.010728600058847,9.39915468631205,south_carolina
2015,26,-0.013857948186293033,0.003664886380219792,-21.19215158021304,9.876819413331358,south_carolina
2020,26,-0.0005333673743305306,0.004694172518948579,-21.743340959490506,9.00833772863766,south_carolina
2005,19,-0.006386113186591371,0.007754742010492068,-33.253681940039634,10.544761029366496,south_dakota
2010,19,-0.011184988284826888,0.008985009517772185,-30.738764975858288,10.110241605613975,south_dakota
2015,19,-0.005764662886191502,0.004819404502845902,-22.861787725243992,10.650212200091614,south_dakota
2020,19,-0.0054302530067416735,0.004289307034978717,-12.103532795790855,11.094922062696952,south_dakota
2005,36,-0.026363950528064534,0.004161475244955954,-29.391335321962785,7.97687538504363,tennessee
2010,36,-0.017591351592254955,0.0036870186733820986,-28.798622914345426,7.983675540684869,tennessee
2015,36,-0.01401792218354663,0.0032226510229554865,-24.929511712795204,8.019924222447624,tennessee
2020,36,-0.007648433012997792,0.004130602072692105,-20.74870091234229,8.162106965703982,tennessee
2005,51,-0.024609983688814684,0.0035225565399739723,-25.304730241853242,6.444772212954545,texas
2010,51,-0.013515059390825515,0.0031220800943752925,-24.22959274744986,6.416884159085017,texas
2015,51,-0.005487829347715668,0.0030148561238592577,-20.619048121141958,6.287599282916023,texas
2020,51,-0.003004980932519169,0.0031849051178885856,-16.774041262065754,6.346054845415965,texas
2005,31,-0.014356604380797326,0.003908423409251946,-21.35805266022797,9.179032086407263,utah
2010,31,-0.0015325817350418148,0.0038818627967661633,-20.929274213514805,9.234214481378514,utah
2015,31,-0.022203136629253394,0.003997434445527225,-15.063191514621376,8.890146029761032,utah
2020,31,0.011434196816239946,0.0038972917326374895,-11.953884040572621,8.93501486417305,utah
2005,41,-0.009668817221534827,0.004971736629862048,-17.397570025090108,8.098381280782688,vermont
2010,41,-0.0049768874583323115,0.0045877712868233386,-22.92447479016841,7.53106509313437,vermont
2015,41,0.0074212366276054315,0.0043208215157127475,-17.171836550442983,7.347536901285528,vermont
2020,41,-0.0018362292911419434,0.0038325862180175925,-14.926158459447803,7.236939797435072,vermont
2005,40,-0.020720818868372574,0.00411503975386837,-21.342631337674394,7.260873147757837,virginia
2010,40,-0.00366172750011417,0.004103463985327968,-20.67951613840629,7.1148118784991565,virginia
2015,40,-0.01265840051173974,0.003534746504767582,-17.780496122259184,6.9818948950273185,virginia
2020,40,-0.01060227148881213,0.003041984424666799,-15.785881351186688,7.054362929773569,virginia
2005,49,-0.012409011931780088,0.002464185254239002,-22.349019875041737,6.760786213153934,washington
2010,49,-0.00313669239024266,0.0028421306406359215,-19.858050513266043,6.919871353250499,washington
2015,49,-0.008054404232652093,0.0033233135524638052,-18.68873616937278,6.717506310200751,washington
2020,49,-0.007160730222131955,0.002310545764076146,-15.432725391379773,6.458129150003505,washington
2005,28,-0.012384608707749573,0.005173046324207847,-37.34831826172931,8.795837971474477,west_virginia
2010,28,-0.020859250506736687,0.005420747269511263,-35.46616148794571,8.142142639179273,west_virginia
2015,28,-0.004596762635144429,0.004731399978693034,-33.62600397503853,8.863411068973067,west_virginia
2020,28,-0.02244587810913403,0.0030526019337593635,-25.96484864498692,9.268765992482239,west_virginia
2005,37,-0.02463931712572386,0.004682842391198626,-19.122443278290465,8.078498477288276,wisconsin
2010,37,-0.003809575516268632,0.003890013843916189,-21.69768291025133,8.280776205766378,wisconsin
2015,37,-0.0001523570813068405,0.0034744157003523323,-16.0822562603883,7.719373878386141,wisconsin
2020,37,0.0010274639748036284,0.0035883702597367313,-13.209909486018786,7.908886819131471,wisconsin
