ours,survey,scope,n,pearson_r,spearman_r,agreement_r
ours_family_sphere,matched_female_share,pooled,151,0.1221120884182611,0.100878354827466,-0.1221120884182611
ours_family_sphere,matched_female_share,period 2005,49,0.0212054588257905,-0.0329591836734693,-0.0212054588257905
ours_family_sphere,matched_female_share,period 2010,51,0.1490896740462919,0.0130316742081447,-0.1490896740462919
ours_family_sphere,matched_female_share,period 2015,51,0.1903258134856881,0.1380995475113122,-0.1903258134856881
ours_family_sphere,matched_female_share,change 2005->2015,49,0.1585813801926875,0.1554081632653061,-0.1585813801926875
ours_family_sphere,duncan,pooled,151,0.1130724707489669,0.0264447542697804,0.1130724707489669
ours_family_sphere,duncan,period 2005,49,0.0952867862708225,-0.0195918367346938,0.0952867862708225
ours_family_sphere,duncan,period 2010,51,0.1032060259873487,0.1443438914027149,0.1032060259873487
ours_family_sphere,duncan,period 2015,51,0.1998585228940676,0.0735746606334841,0.1998585228940676
ours_family_sphere,duncan,change 2005->2015,49,-0.1260863929255718,-0.0424489795918367,-0.1260863929255718
ours_family_sphere,female_emp_share,pooled,151,-0.0543151767486899,-0.0230045311955385,0.0543151767486899
ours_family_sphere,female_emp_share,period 2005,49,-0.1100585049983815,-0.1168367346938775,0.1100585049983815
ours_family_sphere,female_emp_share,period 2010,51,-0.0022472185037292,0.0305882352941176,0.0022472185037292
ours_family_sphere,female_emp_share,period 2015,51,-0.0650058561808203,0.027420814479638,0.0650058561808203
ours_family_sphere,female_emp_share,change 2005->2015,49,-0.1389655901971746,-0.1556122448979592,0.1389655901971746
ours_family_sphere,motherhood_emp_gap,pooled,151,0.0040107181282683,0.0189159986057859,0.0040107181282683
ours_family_sphere,motherhood_emp_gap,period 2005,49,0.124700410028822,0.1231632653061224,0.124700410028822
ours_family_sphere,motherhood_emp_gap,period 2010,51,-0.0145804802458747,0.0641628959276018,-0.0145804802458747
ours_family_sphere,motherhood_emp_gap,period 2015,51,-0.0750607655632689,-0.0655203619909502,-0.0750607655632689
ours_family_sphere,motherhood_emp_gap,change 2005->2015,49,0.0188670720495731,-0.0045918367346938,0.0188670720495731
ours_family_sphere,motherhood_hours_gap,pooled,151,0.1058599273109055,0.0743325200418264,0.1058599273109055
ours_family_sphere,motherhood_hours_gap,period 2005,49,0.1007589860634907,0.026938775510204,0.1007589860634907
ours_family_sphere,motherhood_hours_gap,period 2010,51,0.1428641220096303,0.1515837104072398,0.1428641220096303
ours_family_sphere,motherhood_hours_gap,period 2015,51,0.1490791862371461,0.1397285067873303,0.1490791862371461
ours_family_sphere,motherhood_hours_gap,change 2005->2015,49,-0.0995367761925159,-0.0040816326530612,-0.0995367761925159
ours_family_sphere,married_women_nilf,pooled,151,-0.0613207033055629,-0.0694457999302892,-0.0613207033055629
ours_family_sphere,married_women_nilf,period 2005,49,0.0685431858140815,0.0655102040816326,0.0685431858140815
ours_family_sphere,married_women_nilf,period 2010,51,-0.0843382475613056,-0.0306787330316742,-0.0843382475613056
ours_family_sphere,married_women_nilf,period 2015,51,-0.151980613408872,-0.2377375565610859,-0.151980613408872
ours_family_sphere,married_women_nilf,change 2005->2015,49,0.068593305874814,0.1310204081632653,0.068593305874814
ours_family_sphere,wife_earnings_share,pooled,151,-0.0087181443234202,0.0045486232136632,0.0087181443234202
ours_family_sphere,wife_earnings_share,period 2005,49,-0.1506904485220583,-0.1311224489795918,0.1506904485220583
ours_family_sphere,wife_earnings_share,period 2010,51,-0.001111262316045,-0.0943891402714932,0.001111262316045
ours_family_sphere,wife_earnings_share,period 2015,51,0.1065629948982811,0.1923076923076923,-0.1065629948982811
ours_family_sphere,wife_earnings_share,change 2005->2015,49,-0.0653748249893302,-0.1421428571428571,0.0653748249893302
ours_family_sphere,wife_earns_more,pooled,151,-0.0412966827824681,0.0152039037992331,0.0412966827824681
ours_family_sphere,wife_earns_more,period 2005,49,-0.1574904910847741,-0.0588775510204081,0.1574904910847741
ours_family_sphere,wife_earns_more,period 2010,51,-0.0603932818119201,-0.0917647058823529,0.0603932818119201
ours_family_sphere,wife_earns_more,period 2015,51,0.0459717250313491,0.1166515837104072,-0.0459717250313491
ours_family_sphere,wife_earns_more,change 2005->2015,49,-0.0984560037179438,-0.1570408163265306,0.0984560037179438
ours_family_sphere,gender_emp_gap,pooled,151,0.0207212451597577,0.0196270477518299,0.0207212451597577
ours_family_sphere,gender_emp_gap,period 2005,49,0.1337224632242724,0.1747959183673469,0.1337224632242724
ours_family_sphere,gender_emp_gap,period 2010,51,-0.0194214505993076,0.0588235294117647,-0.0194214505993076
ours_family_sphere,gender_emp_gap,period 2015,51,-0.0156223334909873,-0.044524886877828,-0.0156223334909873
ours_family_sphere,gender_emp_gap,change 2005->2015,49,0.1877364059493642,0.2233673469387754,0.1877364059493642
ours_household,matched_female_share,pooled,148,0.0275999184615037,0.0522919851778912,-0.0275999184615037
ours_household,matched_female_share,period 2005,48,-0.336096693117792,-0.3425966131133304,0.336096693117792
ours_household,matched_female_share,period 2010,50,0.0105905339019444,0.0160864345738295,-0.0105905339019444
ours_household,matched_female_share,period 2015,50,0.1858888015632582,0.1563985594237695,-0.1858888015632582
ours_household,matched_female_share,change 2005->2015,48,-0.2583198057357441,-0.1784628745115067,0.2583198057357441
ours_household,duncan,pooled,148,-0.1067977734434048,-0.109174233814694,-0.1067977734434048
ours_household,duncan,period 2005,48,0.0590765417357603,-0.3608336951801997,0.0590765417357603
ours_household,duncan,period 2010,50,0.0016829237565708,0.0394237695078031,0.0016829237565708
ours_household,duncan,period 2015,50,-0.2627968379583628,0.1874189675870348,-0.2627968379583628
ours_household,duncan,change 2005->2015,48,0.1292552558229964,0.1970256187581415,0.1292552558229964
ours_household,female_emp_share,pooled,148,-0.0668802515751431,-0.0352635884754772,0.0668802515751431
ours_household,female_emp_share,period 2005,48,-0.339454584037732,-0.2150455927051671,0.339454584037732
ours_household,female_emp_share,period 2010,50,-0.0898562712653914,-0.0694837935174069,0.0898562712653914
ours_household,female_emp_share,period 2015,50,0.252312057192518,0.118079231692677,-0.252312057192518
ours_household,female_emp_share,change 2005->2015,48,-0.1529971153183751,-0.302540165002171,0.1529971153183751
ours_household,motherhood_emp_gap,pooled,148,0.084180005109279,0.0419157686655289,0.084180005109279
ours_household,motherhood_emp_gap,period 2005,48,0.3115629028570168,0.3576856274424663,0.3115629028570168
ours_household,motherhood_emp_gap,period 2010,50,0.0853861250683927,-0.0056182472989195,0.0853861250683927
ours_household,motherhood_emp_gap,period 2015,50,-0.0753115161140223,-0.1497719087635054,-0.0753115161140223
ours_household,motherhood_emp_gap,change 2005->2015,48,0.0126691378324219,0.1315675206252713,0.0126691378324219
ours_household,motherhood_hours_gap,pooled,148,0.0234557462922246,0.0403498965339809,0.0234557462922246
ours_household,motherhood_hours_gap,period 2005,48,0.1527180871300373,0.1381893182805036,0.1527180871300373
ours_household,motherhood_hours_gap,period 2010,50,0.1234383886957652,0.1880912364945978,0.1234383886957652
ours_household,motherhood_hours_gap,period 2015,50,0.0421683615553917,0.0450900360144057,0.0421683615553917
ours_household,motherhood_hours_gap,change 2005->2015,48,-0.1891644790180363,-0.0285497177594442,-0.1891644790180363
ours_household,married_women_nilf,pooled,148,0.0606264070262059,0.0110573523804588,0.0606264070262059
ours_household,married_women_nilf,period 2005,48,0.3948185090425576,0.3750542770299608,0.3948185090425576
ours_household,married_women_nilf,period 2010,50,0.1542250645273178,0.087923169267707,0.1542250645273178
ours_household,married_women_nilf,period 2015,50,-0.3745084913153046,-0.3780552220888355,-0.3745084913153046
ours_household,married_women_nilf,change 2005->2015,48,-0.1492741649286653,0.1815023881893182,-0.1492741649286653
ours_household,wife_earnings_share,pooled,148,-0.1045386402171472,-0.0392948763035052,0.1045386402171472
ours_household,wife_earnings_share,period 2005,48,-0.4940353867214294,-0.3810247503256622,0.4940353867214294
ours_household,wife_earnings_share,period 2010,50,-0.1799806698867409,-0.1820408163265306,0.1799806698867409
ours_household,wife_earnings_share,period 2015,50,0.3680198144534523,0.3854501800720288,-0.3680198144534523
ours_household,wife_earnings_share,change 2005->2015,48,-0.0761057947204432,-0.1505644811115935,0.0761057947204432
ours_household,wife_earns_more,pooled,148,-0.041232169304651,-0.019786256603131,0.041232169304651
ours_household,wife_earns_more,period 2005,48,-0.421008626546269,-0.243812418584455,0.421008626546269
ours_household,wife_earns_more,period 2010,50,-0.1640700436955284,-0.2119087635054021,0.1640700436955284
ours_household,wife_earns_more,period 2015,50,0.3394175704153307,0.2237214885954381,-0.3394175704153307
ours_household,wife_earns_more,change 2005->2015,48,-0.1169631067520671,-0.2359965262700825,0.1169631067520671
ours_household,gender_emp_gap,pooled,148,0.0607707015937524,0.035337624982879,0.0607707015937524
ours_household,gender_emp_gap,period 2005,48,0.3980764649063935,0.3470473295701259,0.3980764649063935
ours_household,gender_emp_gap,period 2010,50,0.0931436494183455,0.1224969987995198,0.0931436494183455
ours_household,gender_emp_gap,period 2015,50,-0.2399986492455851,-0.1972148859543817,-0.2399986492455851
ours_household,gender_emp_gap,change 2005->2015,48,0.1548525754495851,0.3351063829787234,0.1548525754495851
ours_occupation,matched_female_share,pooled,151,0.169180073898764,0.2109515510630881,0.169180073898764
ours_occupation,matched_female_share,period 2005,49,-0.1933491546297503,-0.0457142857142857,-0.1933491546297503
ours_occupation,matched_female_share,period 2010,51,0.0612209871468094,-0.0404524886877828,0.0612209871468094
ours_occupation,matched_female_share,period 2015,51,0.2145283738553992,0.1730316742081448,0.2145283738553992
ours_occupation,matched_female_share,change 2005->2015,49,-0.1157802136876594,-0.1141836734693877,-0.1157802136876594
ours_occupation,duncan,pooled,151,0.1344813484481495,0.0520669222725688,-0.1344813484481495
ours_occupation,duncan,period 2005,49,0.3099733630321966,0.075204081632653,-0.3099733630321966
ours_occupation,duncan,period 2010,51,0.3292890872642173,0.2902262443438914,-0.3292890872642173
ours_occupation,duncan,period 2015,51,0.0869600447683984,0.1781900452488687,-0.0869600447683984
ours_occupation,duncan,change 2005->2015,49,-0.0171990328350149,-0.0320408163265306,0.0171990328350149
ours_occupation,female_emp_share,pooled,151,-0.140862567461048,-0.1029766469153014,-0.140862567461048
ours_occupation,female_emp_share,period 2005,49,-0.3386620182798598,-0.1942857142857142,-0.3386620182798598
ours_occupation,female_emp_share,period 2010,51,-0.1507709181001525,-0.1341176470588235,-0.1507709181001525
ours_occupation,female_emp_share,period 2015,51,-0.019698428956688,-0.1039819004524886,-0.019698428956688
ours_occupation,female_emp_share,change 2005->2015,49,0.1006810517465364,0.1054081632653061,0.1006810517465364
ours_occupation,motherhood_emp_gap,pooled,151,-0.0483707654902175,-0.0972115719762983,0.0483707654902175
ours_occupation,motherhood_emp_gap,period 2005,49,0.1256513253263001,0.0278571428571428,-0.1256513253263001
ours_occupation,motherhood_emp_gap,period 2010,51,-0.0814597530525917,-0.1347511312217194,0.0814597530525917
ours_occupation,motherhood_emp_gap,period 2015,51,-0.0483135195010099,-0.039366515837104,0.0483135195010099
ours_occupation,motherhood_emp_gap,change 2005->2015,49,-0.360946902394503,-0.3759183673469387,0.360946902394503
ours_occupation,motherhood_hours_gap,pooled,151,0.0802780562759237,0.041223422795399,-0.0802780562759237
ours_occupation,motherhood_hours_gap,period 2005,49,0.1824517646726744,0.1285714285714285,-0.1824517646726744
ours_occupation,motherhood_hours_gap,period 2010,51,0.2291276387845308,0.2332126696832579,-0.2291276387845308
ours_occupation,motherhood_hours_gap,period 2015,51,0.2326206042215566,0.2055203619909502,-0.2326206042215566
ours_occupation,motherhood_hours_gap,change 2005->2015,49,-0.2751740743253094,-0.2057142857142857,0.2751740743253094
ours_occupation,married_women_nilf,pooled,151,-0.0561498904651464,-0.0629034506796793,0.0561498904651464
ours_occupation,married_women_nilf,period 2005,49,0.1299052566224229,0.0305102040816326,-0.1299052566224229
ours_occupation,married_women_nilf,period 2010,51,0.0106908672470194,0.0644343891402714,-0.0106908672470194
ours_occupation,married_women_nilf,period 2015,51,-0.1847143119458477,-0.1242533936651583,0.1847143119458477
ours_occupation,married_women_nilf,change 2005->2015,49,-0.2324796307221085,-0.1237755102040816,0.2324796307221085
ours_occupation,wife_earnings_share,pooled,151,-0.0375772283957866,-0.0111049146043917,-0.0375772283957866
ours_occupation,wife_earnings_share,period 2005,49,-0.2464252980605774,-0.081938775510204,-0.2464252980605774
ours_occupation,wife_earnings_share,period 2010,51,-0.1218921349427975,-0.1647058823529411,-0.1218921349427975
ours_occupation,wife_earnings_share,period 2015,51,0.093757272502562,0.0559276018099547,0.093757272502562
ours_occupation,wife_earnings_share,change 2005->2015,49,0.2667342418980399,0.2239795918367346,0.2667342418980399
ours_occupation,wife_earns_more,pooled,151,-0.0757864411491432,-0.0570791216451725,-0.0757864411491432
ours_occupation,wife_earns_more,period 2005,49,-0.3121322387984307,-0.1224489795918367,-0.3121322387984307
ours_occupation,wife_earns_more,period 2010,51,-0.2461273581415101,-0.2575565610859728,-0.2461273581415101
ours_occupation,wife_earns_more,period 2015,51,0.0270788658933301,-0.0692307692307692,0.0270788658933301
ours_occupation,wife_earns_more,change 2005->2015,49,0.2298171657212833,0.2458163265306122,0.2298171657212833
ours_occupation,gender_emp_gap,pooled,151,-0.0128912939970309,-0.0891390728476821,0.0128912939970309
ours_occupation,gender_emp_gap,period 2005,49,0.2263676302366579,0.0805102040816326,-0.2263676302366579
ours_occupation,gender_emp_gap,period 2010,51,0.0474699223614377,0.0314027149321267,-0.0474699223614377
ours_occupation,gender_emp_gap,period 2015,51,-0.0744774994856455,-0.0778280542986425,0.0744774994856455
ours_occupation,gender_emp_gap,change 2005->2015,49,-0.1479259087802171,-0.1113265306122448,0.1479259087802171
