state,period,n_occupations,r_state_share,r_national_share
alabama,2005,61,0.346896194625154,0.35888548070749166
alabama,2010,66,0.40340453186228714,0.44085583014532065
alabama,2015,69,0.47295028068092554,0.48853861847951247
alaska,2005,42,0.2667687841082636,0.22438238073887465
alaska,2010,57,0.5002581774804488,0.482222780184718
alaska,2015,59,0.6149081347055114,0.6233466361335982
arizona,2010,59,0.5091543524372336,0.4887958535956236
arizona,2015,71,0.41530176057065676,0.4561593049600131
arkansas,2010,53,0.275166481639253,0.29082229195527576
arkansas,2015,68,0.4221265259268517,0.46883634696383164
california,2005,72,0.5562095563601422,0.5596299092543906
california,2010,72,0.6249255300511539,0.6303940302223061
california,2015,72,0.6525261560797587,0.6528451950903367
colorado,2005,70,0.595587033721893,0.5657236187568822
colorado,2010,72,0.6146655993458435,0.5941878860973159
colorado,2015,72,0.5930611471067662,0.5807727136069
connecticut,2005,56,0.521977243455307,0.503675252820884
connecticut,2010,67,0.5622215988599782,0.5553167135602658
connecticut,2015,66,0.5232425724929132,0.5153359156413093
delaware,2005,38,0.41151277004459147,0.4269817603000054
delaware,2010,51,0.22202011731593432,0.316299491273479
delaware,2015,49,0.24748438148081914,0.26436330674736164
district_of_columbia,2005,37,0.3679878513867983,0.4070994063881447
district_of_columbia,2010,42,0.013959143950207933,0.019148514100552495
district_of_columbia,2015,47,0.062215714446857764,0.1257145250146584
florida,2005,69,0.5122539283784127,0.5349641380841753
florida,2010,72,0.51882620416492,0.5239310544573641
florida,2015,72,0.45751762430231685,0.44719254938656167
georgia,2005,67,0.6020183186363217,0.5760637236399132
georgia,2010,71,0.5916728324724787,0.568490324414181
georgia,2015,71,0.5876052099091876,0.576124306094726
hawaii,2005,50,0.3976738979885019,0.4047276356339819
hawaii,2010,54,0.577943273092921,0.5541186999187805
hawaii,2015,58,0.36401989136031604,0.3753439717605576
idaho,2005,55,0.3858974507783899,0.40740844813225163
idaho,2010,67,0.4958938903533971,0.5568867845485533
idaho,2015,69,0.5118591442638744,0.5857455340623049
illinois,2005,72,0.5647874436177742,0.5468038774969949
illinois,2010,72,0.6221306523297744,0.620845609705666
illinois,2015,72,0.6393122647706503,0.653718275230472
indiana,2005,70,0.5740806981311164,0.5840146356960877
indiana,2010,72,0.6051079101164799,0.6318430318456676
indiana,2015,72,0.6331342875249297,0.6571661274059383
iowa,2005,65,0.5877060685938049,0.6003623941861688
iowa,2010,72,0.5732110605712168,0.6010461323958497
iowa,2015,72,0.6221040613299649,0.6338673223265611
kansas,2005,46,0.4309973980758997,0.4481879598101281
kansas,2010,56,0.46578886032549294,0.47838804690209874
kansas,2015,62,0.561530182903031,0.6062783319528255
kentucky,2005,54,0.5408482222964273,0.5390849405524196
kentucky,2010,67,0.5645004074346294,0.558700138840597
kentucky,2015,71,0.6629486505176607,0.6756886988452547
louisiana,2005,54,0.41478828366623144,0.3836469526092523
louisiana,2010,67,0.5998131151221026,0.6128925015796595
louisiana,2015,71,0.5276496429916138,0.549575714387136
maine,2005,52,0.45637741126700615,0.49206601314090226
maine,2010,58,0.6235701978620003,0.6369921604095174
maine,2015,61,0.6378704795049221,0.626787322932467
maryland,2005,58,0.6188569556449934,0.615964629274487
maryland,2010,69,0.7047138300981941,0.6822852967318176
maryland,2015,70,0.593569780094699,0.5637657434812438
massachusetts,2005,72,0.589183207816515,0.5705029600065575
massachusetts,2010,72,0.7695515331254904,0.7543112647177066
massachusetts,2015,72,0.7318350735605279,0.7158481102524403
michigan,2005,71,0.6296233498510229,0.6475799599034789
michigan,2010,72,0.5568114887955663,0.5909010838818365
michigan,2015,72,0.6121531758995908,0.62359940410922
minnesota,2005,61,0.5519916835518606,0.5571085155293423
minnesota,2010,72,0.5560137616988832,0.5690676165537168
minnesota,2015,72,0.6869321339818825,0.7009485224758765
mississippi,2005,48,0.5118521762983592,0.49619956533728676
mississippi,2010,65,0.5220473463645141,0.5578960435497651
mississippi,2015,68,0.5102319400666473,0.5240150371532001
missouri,2005,66,0.5910184554594954,0.6027145927261018
missouri,2010,72,0.6141711478236495,0.6323486920711449
missouri,2015,72,0.5751344453118576,0.5930961113785593
montana,2005,58,0.5807872561143727,0.6103397127683596
montana,2010,65,0.5408080518780579,0.5589922244856182
montana,2015,68,0.5599282913096878,0.5710627940046722
nebraska,2005,52,0.5210683726833625,0.543478801078498
nebraska,2010,61,0.5612833695394512,0.6063579706438518
nebraska,2015,66,0.6184140725743319,0.6354078403457416
nevada,2005,59,0.4592635164451185,0.46193992259701405
nevada,2010,65,0.6278602148109724,0.6618918795417181
nevada,2015,66,0.561997258525585,0.6280220736987072
new_hampshire,2005,23,-0.03622334000660366,0.0323937120848874
new_hampshire,2010,23,0.008409541793441238,0.06889051795128949
new_hampshire,2015,24,0.1334254871274295,0.15603546529633353
new_jersey,2005,66,0.6797537406242014,0.6412924036018153
new_jersey,2010,71,0.6690145967609704,0.6509989363216973
new_jersey,2015,71,0.6006962347672059,0.5776955407169417
new_mexico,2005,35,0.19239931393726561,0.18621042300433865
new_mexico,2010,52,0.5207223137934401,0.541161979516782
new_mexico,2015,58,0.6835797607504526,0.639331460050014
new_york,2005,72,0.6682273151778394,0.6548781322441933
new_york,2010,72,0.6926558399725767,0.6758599960881004
new_york,2015,72,0.7466916085080257,0.734449910037239
north_carolina,2005,64,0.5054042612102969,0.5116659669262744
north_carolina,2010,71,0.5973169681577222,0.5976038307712629
north_carolina,2015,72,0.7189385732722648,0.7130605769243609
north_dakota,2005,43,0.49643474233090745,0.4627601554309389
north_dakota,2010,53,0.4568281217279208,0.4741308989122349
north_dakota,2015,53,0.4069536386675735,0.45752679781456357
ohio,2005,72,0.5563886598339923,0.5739536860187316
ohio,2010,72,0.6154414185109026,0.6292561888084495
ohio,2015,72,0.6082910235784373,0.6359511602363961
oklahoma,2005,63,0.49289504441962567,0.49179333334888004
oklahoma,2010,68,0.42995373326945585,0.49093992649616397
oklahoma,2015,69,0.4954738748778749,0.529078378104736
oregon,2005,67,0.5814107547415264,0.5781653242821215
oregon,2010,69,0.5981887934816212,0.6128712544417347
oregon,2015,69,0.6265582462269389,0.6344706935583257
pennsylvania,2005,72,0.6343306460541945,0.6525032987916006
pennsylvania,2010,72,0.643066615107651,0.6651776116139333
pennsylvania,2015,72,0.6912095731301346,0.7102853226529678
rhode_island,2005,50,0.5847054809293851,0.5539892834252536
rhode_island,2010,60,0.5208834910908201,0.5444311622472229
rhode_island,2015,62,0.5042130695032238,0.49089764821382903
south_carolina,2005,45,0.3278872684682509,0.3623631755377475
south_carolina,2010,55,0.3691715758826083,0.37545930815638123
south_carolina,2015,61,0.3132424689717044,0.30621690603346896
south_dakota,2005,39,0.2800882419557975,0.3823185054890926
south_dakota,2010,56,0.48792210811921227,0.5366727113958826
south_dakota,2015,60,0.47686066948896544,0.47135297602564985
tennessee,2005,61,0.5535287010714957,0.5592238567824678
tennessee,2010,68,0.5535275248728699,0.5641008325113377
tennessee,2015,71,0.5418026338741281,0.5805298141576022
texas,2005,71,0.6466574364240171,0.6242290748500349
texas,2010,72,0.5495219075730999,0.5441904543297534
texas,2015,72,0.6641472827941739,0.6598284697045622
utah,2005,49,0.24910542299690924,0.3268074128044255
utah,2010,60,0.5593453622983426,0.5466895728969305
utah,2015,66,0.5521023974346383,0.5395794492594261
vermont,2005,60,0.43361829384344724,0.4646942327973779
vermont,2010,68,0.3955067158688523,0.3399700558704339
vermont,2015,68,0.43376869140909347,0.39640468422391545
virginia,2005,66,0.5518114551671945,0.5644412276264571
virginia,2010,72,0.5218860918558879,0.5193186825775822
virginia,2015,72,0.5049373070500197,0.5128334860747431
washington,2005,71,0.5192949871758067,0.5333508603350361
washington,2010,72,0.4770994490953644,0.47500450810964234
washington,2015,72,0.5446755924726285,0.5534711474770468
west_virginia,2005,46,0.4145729783956419,0.40964514759069903
west_virginia,2010,62,0.5016601832874582,0.5457102009792295
west_virginia,2015,67,0.5355411323544521,0.5891030059848498
wisconsin,2005,62,0.49618655616742463,0.5129605329760705
wisconsin,2010,70,0.5463965355229065,0.5475351204105083
wisconsin,2015,72,0.5309029214094478,0.5378317287345924
wyoming,2005,39,0.5261670266160945,0.5501814045616944
wyoming,2010,52,0.5002495299265016,0.566838767046358
wyoming,2015,60,0.5494114082995533,0.549468624004311
