measure,window,states,mean,sd,min,max
matched_female_share,1995–04,33,0.3793065702195322,0.017183860085262563,0.3486846907632021,0.4274605649075976
matched_female_share,2000–09,48,0.38662397534417675,0.014979522852752109,0.3510913330821187,0.4344023813246459
matched_female_share,2005–14,49,0.39643758031279497,0.015729486080049718,0.3562772287011044,0.4459513861553486
matched_female_share,2010–19,51,0.4060268007780172,0.014221854315483267,0.3738354448108305,0.4586624238696258
matched_female_share,2015–24,51,0.41833039157430535,0.012351070840721668,0.3877846526134448,0.4483207595622821
duncan,1995–04,33,0.5262743854718651,0.03904962286880233,0.3565326994126043,0.5921001471693519
duncan,2000–09,48,0.5289306131758132,0.039438400905058735,0.331847131983818,0.5955206128310031
duncan,2005–14,49,0.5217199607202199,0.0431664015035538,0.3042185401562986,0.5924041997468735
duncan,2010–19,51,0.5092940718929592,0.04327781538527555,0.2938674676943956,0.5860868871694234
duncan,2015–24,51,0.49328963695672384,0.043980255263185865,0.2744561574093043,0.5641994816383472
female_emp_share,1995–04,33,0.4671428382524583,0.012549740116347338,0.4391210821589963,0.5056286426234213
female_emp_share,2000–09,48,0.4684038419443315,0.012728857389534474,0.4391628447508371,0.5073488452735725
female_emp_share,2005–14,49,0.4731258776448689,0.013212998425350462,0.4406538054886963,0.5115356007931211
female_emp_share,2010–19,51,0.47553844733356565,0.013378252165264316,0.4431484613315936,0.5150738206902026
female_emp_share,2015–24,51,0.4750281762084316,0.013464880396635284,0.444509661792386,0.5191750286063463
family_index_acs,1995–04,33,0.6887492717841605,0.7132971798258413,-0.5979994109960679,3.1716535060725293
family_index_acs,2000–09,48,0.38945170589297806,0.7313885944718297,-1.019718199791488,3.160909866197745
family_index_acs,2005–14,49,-0.02886148764593408,0.7250862118961341,-1.5121416487824195,2.9498376563856143
family_index_acs,2010–19,51,-0.2879880131145358,0.7493778756551049,-1.5714894908242456,2.85658124898347
family_index_acs,2015–24,51,-0.49648639780878606,0.750401927321004,-2.142561661016923,2.5842683196270677
motherhood_emp_gap,1995–04,33,0.15859082668002364,0.0510929517749143,0.0447709186947866,0.2743581750155422
motherhood_emp_gap,2000–09,48,0.143520845890976,0.04483772129446683,0.040352552693222,0.2776422653431836
motherhood_emp_gap,2005–14,49,0.12400240200427304,0.04236130277114164,0.0329630134421488,0.2711423677795141
motherhood_emp_gap,2010–19,51,0.11074752067133505,0.04494883669992918,0.0199792393971509,0.2736060899864255
motherhood_emp_gap,2015–24,51,0.1082184622908712,0.043165960430010426,0.0132169811371934,0.2689261315817921
motherhood_hours_gap,1995–04,33,4.536680030853712,1.2526359225467532,2.0874965258148848,8.1019310794576
motherhood_hours_gap,2000–09,48,4.237620473809142,1.088246226056263,1.9646406737253983,7.695332487381478
motherhood_hours_gap,2005–14,49,3.5515649031592607,0.955826538504567,1.597186473059999,6.909632436462832
motherhood_hours_gap,2010–19,51,3.0245734702471925,0.905764458443234,1.479695998713602,7.125536983160142
motherhood_hours_gap,2015–24,51,2.7935694328941802,0.8964378380066657,1.4277680388116067,7.218326823819723
married_women_nilf,1995–04,33,0.2696370986353514,0.04065038889169467,0.1866749796172845,0.3457523207095963
married_women_nilf,2000–09,48,0.2571669214621511,0.04516256692577758,0.16825614929441,0.3465850542022175
married_women_nilf,2005–14,49,0.24736246147333807,0.04534323808017556,0.1535033079432608,0.3519047443128402
married_women_nilf,2010–19,51,0.24304391006551945,0.0466729091479414,0.1508569593862595,0.3436801274470084
married_women_nilf,2015–24,51,0.2304736546080902,0.0452132958828623,0.1273281563689816,0.3172994897752166
wife_earnings_share,1995–04,33,0.34859746380472745,0.022459015696762837,0.273356228442384,0.392631351032743
wife_earnings_share,2000–09,48,0.3555363698551652,0.025332672348521677,0.270768852166644,0.4168526517851391
wife_earnings_share,2005–14,49,0.361539142294825,0.02546851357528164,0.2716232807373328,0.4226290331756717
wife_earnings_share,2010–19,51,0.36498370463362967,0.025848605180738234,0.2735910328361108,0.4209933282788907
wife_earnings_share,2015–24,51,0.37167751807371274,0.025608189019927906,0.2822804852108671,0.439713699956525
wife_earns_more,1995–04,33,0.2516709710709908,0.02283365748914343,0.1776234172348387,0.3234222064987832
wife_earns_more,2000–09,48,0.26075769686923694,0.024223452825224312,0.1793276806825811,0.33246096424391
wife_earns_more,2005–14,49,0.2761553964440461,0.025480809420079693,0.1893660214901888,0.349185916041012
wife_earns_more,2010–19,51,0.28545803956411764,0.027317966670869463,0.1952235480317497,0.3563538737477182
wife_earns_more,2015–24,51,0.2928328056235817,0.028388095067340142,0.2017922049570993,0.3755602054997736
gender_emp_gap,1995–04,33,0.1284313281758373,0.028557699378736146,0.0588524263247242,0.2101331210399071
gender_emp_gap,2000–09,48,0.11604624234031084,0.02881754314052891,0.0532234391621448,0.2115588341365579
gender_emp_gap,2005–14,49,0.09800107630210302,0.027937860923529963,0.0420194445091225,0.2047044051880374
gender_emp_gap,2010–19,51,0.0885320327233984,0.026840523041950774,0.0321399563978492,0.193813613209567
gender_emp_gap,2015–24,51,0.08132174217418552,0.02667695252527784,0.012385269420749,0.1782275006514271
women_share_household,2000–09,48,0.6329027409172338,0.052021432384922586,0.5445554450503829,0.7881473810540576
women_share_household,2005–14,49,0.6259798490497293,0.0419755782019127,0.479255030775567,0.7116653272713948
women_share_household,2010–19,51,0.6190707788950875,0.035667260986187346,0.5184533029906657,0.7055491727791989
women_share_household,2015–24,51,0.6110814744842363,0.03136776297901815,0.5509889423863398,0.6671746130738293
women_share_housework,2000–09,48,0.781334754499795,0.05275362026979235,0.6106318796121329,0.9114207774018214
women_share_housework,2005–14,49,0.7651859394597101,0.05346908370187788,0.6204125380949782,0.8872648110007565
women_share_housework,2010–19,51,0.7546653560762777,0.04175421751760924,0.6426237950200547,0.8321164443977879
women_share_housework,2015–24,51,0.7413675488062782,0.041292009947173254,0.6474118464249385,0.8602340079477732
women_share_childcare_parents,2000–09,48,0.6498551325666274,0.06021938065592464,0.5368142226950108,0.8306835586577405
women_share_childcare_parents,2005–14,49,0.6451418828972174,0.042317117679451566,0.5304030293337222,0.7473490355772253
women_share_childcare_parents,2010–19,51,0.6358255911747307,0.04132875438707401,0.5026577102172413,0.7045826003318516
women_share_childcare_parents,2015–24,51,0.6278553448735396,0.05032460372695107,0.4572363734064938,0.7030737468329687
iat_sex_balanced,2000–09,48,0.3678795142126785,0.01650245231986061,0.31184901005407,0.4084861409914591
iat_sex_balanced,2005–14,49,0.3703612972919022,0.014679239611624878,0.3204342845286013,0.3933526399051968
iat_sex_balanced,2010–19,51,0.3552451233595601,0.011073689034528572,0.3267313338787351,0.370694569226888
iat_sex_balanced,2015–24,51,0.3320151291678336,0.011981173164983747,0.3023571969836132,0.3627308480784076
explicit_sex_balanced,2000–09,48,1.5647038439268712,0.12147522446160533,1.2677146350881707,2.006053215077605
explicit_sex_balanced,2005–14,49,1.603168310836558,0.11719404408836107,1.3613186334253844,2.065037072349673
explicit_sex_balanced,2010–19,51,1.3077011193145602,0.10559443043945921,1.0640428066434051,1.7277014808859683
explicit_sex_balanced,2015–24,51,0.9720863422486888,0.07428532265220986,0.8546862844215953,1.310485276619376
