source,window,states,respondents_total,respondents_median_per_state,respondents_min_per_state
ACS occupation (employed persons),1995–04,51,8626095,117238,27129
ACS occupation (employed persons),2000–09,51,15573502,217485,41306
ACS occupation (employed persons),2005–14,51,13897561,187510,28007
ACS occupation (employed persons),2010–19,51,14383414,188541,28144
ACS occupation (employed persons),2015–24,51,14889472,190654,27653
ACS family (adults 25-54),1995–04,51,8003462,108826,25983
ACS family (adults 25-54),2000–09,51,14013494,196128,36619
ACS family (adults 25-54),2005–14,51,11946237,168668,21169
ACS family (adults 25-54),2010–19,51,11789575,163548,20711
ACS family (adults 25-54),2015–24,51,11605655,154065,19917
Project Implicit IAT (US respondents),2000–09,51,211196,2449,339
Project Implicit IAT (US respondents),2005–14,51,509289,5799,628
Project Implicit IAT (US respondents),2010–19,51,996831,11607,1028
Project Implicit IAT (US respondents),2015–24,51,1501880,18700,1637
