category,window,states,words_in_set,words_per_state_median,mean_rnd,sd_rnd_across_states,median_ci_halfwidth
family_sphere,1995–04,33,20,15.0,0.011470885887851076,0.012587323219782143,0.006149516250967196
family_sphere,2000–09,48,20,18.0,0.011218571158387453,0.008825161757074849,0.005681592419384577
family_sphere,2005–14,49,20,19.0,0.011842409939779601,0.007485236119853573,0.005131926521652268
family_sphere,2010–19,51,20,20.0,0.013208276107887306,0.006749742472827078,0.005043575923496556
family_sphere,2015–24,51,20,20.0,0.011987129748153524,0.007645328337018213,0.00488131824263935
household,1995–04,33,6,2.0,-0.0052474148728731225,0.025250125365083764,0.006663791272246713
household,2000–09,48,6,5.0,-0.0030024208116408526,0.0168797919412279,0.006721812725177399
household,2005–14,49,6,6.0,-0.0018740288448609351,0.012906021020073415,0.005808843501806659
household,2010–19,51,6,6.0,0.0024214444917579534,0.008888987639093413,0.00599171006984477
household,2015–24,51,6,6.0,0.005182835455186501,0.009019970195571051,0.005570019620380812
occupation,1995–04,33,65,34.0,-0.00934407884321487,0.014222452956192053,0.004110702771938509
occupation,2000–09,48,65,48.5,-0.012184504003306324,0.011076103297672845,0.0035563715027166435
occupation,2005–14,49,65,60.0,-0.010085637628271717,0.007177775755424035,0.003345098843794768
occupation,2010–19,51,65,64.0,-0.006543324422180867,0.005564787504646775,0.0031795857658690014
occupation,2015–24,51,65,65.0,-0.0049319615805676785,0.006232863371851748,0.0029437859944497916
