unit_name,state,year,n_docs,kept,tokens,window
alabama_1995,alabama,1995,759,1,280598.0,1995–04
alabama_2000,alabama,2000,2400,1,879866.0,2000–09
alabama_2005,alabama,2005,5861,1,1988330.0,2005–14
alabama_2010,alabama,2010,10406,1,3372381.0,2010–19
alabama_2015,alabama,2015,14519,1,4740228.0,2015–24
alaska_1995,alaska,1995,228,0,,1995–04
alaska_2000,alaska,2000,726,1,396311.0,2000–09
alaska_2005,alaska,2005,1912,1,1041151.0,2005–14
alaska_2010,alaska,2010,3724,1,1920328.0,2010–19
alaska_2015,alaska,2015,5292,1,2508084.0,2015–24
arizona_1995,arizona,1995,143,0,,1995–04
arizona_2000,arizona,2000,284,0,,2000–09
arizona_2005,arizona,2005,386,0,,2005–14
arizona_2010,arizona,2010,6617,1,2747588.0,2010–19
arizona_2015,arizona,2015,15473,1,6741907.0,2015–24
arkansas_1995,arkansas,1995,66,0,,1995–04
arkansas_2000,arkansas,2000,73,0,,2000–09
arkansas_2005,arkansas,2005,108,0,,2005–14
arkansas_2010,arkansas,2010,3138,1,1284839.0,2010–19
arkansas_2015,arkansas,2015,9045,1,3286192.0,2015–24
california_1995,california,1995,5560,1,3091784.0,1995–04
california_2000,california,2000,19166,1,8540628.0,2000–09
california_2005,california,2005,40486,1,15880380.0,2005–14
california_2010,california,2010,61478,1,24407645.0,2010–19
california_2015,california,2015,66627,1,27456112.0,2015–24
colorado_1995,colorado,1995,1990,1,1042502.0,1995–04
colorado_2000,colorado,2000,4354,1,1937787.0,2000–09
colorado_2005,colorado,2005,9306,1,3867370.0,2005–14
colorado_2010,colorado,2010,16415,1,6894452.0,2010–19
colorado_2015,colorado,2015,21884,1,9518972.0,2015–24
connecticut_1995,connecticut,1995,1033,1,381714.0,1995–04
connecticut_2000,connecticut,2000,2023,1,775777.0,2000–09
connecticut_2005,connecticut,2005,4077,1,1589783.0,2005–14
connecticut_2010,connecticut,2010,6959,1,2708268.0,2010–19
connecticut_2015,connecticut,2015,9368,1,3423751.0,2015–24
delaware_1995,delaware,1995,120,0,,1995–04
delaware_2000,delaware,2000,677,1,208382.0,2000–09
delaware_2005,delaware,2005,2187,1,662113.0,2005–14
delaware_2010,delaware,2010,3400,1,1138776.0,2010–19
delaware_2015,delaware,2015,3380,1,1253324.0,2015–24
district_of_columbia_1995,district_of_columbia,1995,730,1,387190.0,1995–04
district_of_columbia_2000,district_of_columbia,2000,1880,1,849388.0,2000–09
district_of_columbia_2005,district_of_columbia,2005,2410,1,926807.0,2005–14
district_of_columbia_2010,district_of_columbia,2010,3022,1,1230986.0,2010–19
district_of_columbia_2015,district_of_columbia,2015,4053,1,1900170.0,2015–24
florida_1995,florida,1995,3731,1,1457668.0,1995–04
florida_2000,florida,2000,6079,1,2334206.0,2000–09
florida_2005,florida,2005,10206,1,3794336.0,2005–14
florida_2010,florida,2010,18580,1,6788959.0,2010–19
florida_2015,florida,2015,26460,1,9769752.0,2015–24
georgia_1995,georgia,1995,433,0,,1995–04
georgia_2000,georgia,2000,2457,1,828331.0,2000–09
georgia_2005,georgia,2005,9243,1,3115695.0,2005–14
georgia_2010,georgia,2010,18437,1,6170887.0,2010–19
georgia_2015,georgia,2015,25747,1,8151369.0,2015–24
hawaii_1995,hawaii,1995,473,0,,1995–04
hawaii_2000,hawaii,2000,803,1,341418.0,2000–09
hawaii_2005,hawaii,2005,2109,1,874721.0,2005–14
hawaii_2010,hawaii,2010,3696,1,1633994.0,2010–19
hawaii_2015,hawaii,2015,4315,1,2084277.0,2015–24
idaho_1995,idaho,1995,478,0,,1995–04
idaho_2000,idaho,2000,1152,1,425350.0,2000–09
idaho_2005,idaho,2005,3257,1,1183265.0,2005–14
idaho_2010,idaho,2010,5978,1,2293207.0,2010–19
idaho_2015,idaho,2015,8408,1,3331167.0,2015–24
illinois_1995,illinois,1995,1635,1,724895.0,1995–04
illinois_2000,illinois,2000,5814,1,2592567.0,2000–09
illinois_2005,illinois,2005,13413,1,5432411.0,2005–14
illinois_2010,illinois,2010,19683,1,7910325.0,2010–19
illinois_2015,illinois,2015,23802,1,9588023.0,2015–24
indiana_1995,indiana,1995,1124,1,405505.0,1995–04
indiana_2000,indiana,2000,4479,1,1566792.0,2000–09
indiana_2005,indiana,2005,10221,1,3646959.0,2005–14
indiana_2010,indiana,2010,16500,1,6256093.0,2010–19
indiana_2015,indiana,2015,22345,1,8674112.0,2015–24
iowa_1995,iowa,1995,940,1,328869.0,1995–04
iowa_2000,iowa,2000,2935,1,948844.0,2000–09
iowa_2005,iowa,2005,6723,1,2254338.0,2005–14
iowa_2010,iowa,2010,12714,1,4635829.0,2010–19
iowa_2015,iowa,2015,19008,1,7171058.0,2015–24
kansas_1995,kansas,1995,334,0,,1995–04
kansas_2000,kansas,2000,1114,1,340415.0,2000–09
kansas_2005,kansas,2005,2586,1,747030.0,2005–14
kansas_2010,kansas,2010,4579,1,1373755.0,2010–19
kansas_2015,kansas,2015,7144,1,2038576.0,2015–24
kentucky_1995,kentucky,1995,441,0,,1995–04
kentucky_2000,kentucky,2000,1962,1,689507.0,2000–09
kentucky_2005,kentucky,2005,4697,1,1764725.0,2005–14
kentucky_2010,kentucky,2010,8483,1,3103562.0,2010–19
kentucky_2015,kentucky,2015,13709,1,4895970.0,2015–24
louisiana_1995,louisiana,1995,609,1,259941.0,1995–04
louisiana_2000,louisiana,2000,1717,1,726598.0,2000–09
louisiana_2005,louisiana,2005,4056,1,1510030.0,2005–14
louisiana_2010,louisiana,2010,7841,1,2771542.0,2010–19
louisiana_2015,louisiana,2015,11464,1,3773407.0,2015–24
maine_1995,maine,1995,191,0,,1995–04
maine_2000,maine,2000,891,1,345296.0,2000–09
maine_2005,maine,2005,2552,1,1086278.0,2005–14
maine_2010,maine,2010,4335,1,1905638.0,2010–19
maine_2015,maine,2015,5122,1,2175648.0,2015–24
maryland_1995,maryland,1995,960,1,350418.0,1995–04
maryland_2000,maryland,2000,2227,1,890103.0,2000–09
maryland_2005,maryland,2005,4259,1,1789666.0,2005–14
maryland_2010,maryland,2010,7183,1,3218008.0,2010–19
maryland_2015,maryland,2015,9300,1,4104263.0,2015–24
massachusetts_1995,massachusetts,1995,3212,1,1696494.0,1995–04
massachusetts_2000,massachusetts,2000,7675,1,3527847.0,2000–09
massachusetts_2005,massachusetts,2005,15128,1,6448615.0,2005–14
massachusetts_2010,massachusetts,2010,21008,1,8703164.0,2010–19
massachusetts_2015,massachusetts,2015,23753,1,9880210.0,2015–24
michigan_1995,michigan,1995,1094,1,429309.0,1995–04
michigan_2000,michigan,2000,4412,1,1595124.0,2000–09
michigan_2005,michigan,2005,11817,1,4150086.0,2005–14
michigan_2010,michigan,2010,19389,1,6820607.0,2010–19
michigan_2015,michigan,2015,21074,1,7610043.0,2015–24
minnesota_1995,minnesota,1995,4844,1,1707102.0,1995–04
minnesota_2000,minnesota,2000,7148,1,2489154.0,2000–09
minnesota_2005,minnesota,2005,8956,1,3083103.0,2005–14
minnesota_2010,minnesota,2010,16848,1,6211425.0,2010–19
minnesota_2015,minnesota,2015,26247,1,10067152.0,2015–24
mississippi_1995,mississippi,1995,566,1,236698.0,1995–04
mississippi_2000,mississippi,2000,1697,1,664567.0,2000–09
mississippi_2005,mississippi,2005,3454,1,1236568.0,2005–14
mississippi_2010,mississippi,2010,7373,1,2545235.0,2010–19
mississippi_2015,mississippi,2015,11559,1,3975172.0,2015–24
missouri_1995,missouri,1995,989,1,595126.0,1995–04
missouri_2000,missouri,2000,3407,1,1385369.0,2000–09
missouri_2005,missouri,2005,7842,1,2854372.0,2005–14
missouri_2010,missouri,2010,12933,1,4787828.0,2010–19
missouri_2015,missouri,2015,18622,1,6780899.0,2015–24
montana_1995,montana,1995,1027,1,483062.0,1995–04
montana_2000,montana,2000,2532,1,1108236.0,2000–09
montana_2005,montana,2005,4234,1,1747369.0,2005–14
montana_2010,montana,2010,6477,1,2596453.0,2010–19
montana_2015,montana,2015,9930,1,3823932.0,2015–24
nebraska_1995,nebraska,1995,795,1,262294.0,1995–04
nebraska_2000,nebraska,2000,2034,1,650092.0,2000–09
nebraska_2005,nebraska,2005,4233,1,1338538.0,2005–14
nebraska_2010,nebraska,2010,6879,1,2296504.0,2010–19
nebraska_2015,nebraska,2015,9549,1,3389001.0,2015–24
nevada_1995,nevada,1995,929,1,397000.0,1995–04
nevada_2000,nevada,2000,1946,1,891733.0,2000–09
nevada_2005,nevada,2005,3615,1,1560093.0,2005–14
nevada_2010,nevada,2010,6231,1,2548403.0,2010–19
nevada_2015,nevada,2015,7371,1,3126139.0,2015–24
new_hampshire_1995,new_hampshire,1995,1256,1,500960.0,1995–04
new_hampshire_2000,new_hampshire,2000,1041,1,440175.0,2000–09
new_hampshire_2005,new_hampshire,2005,986,1,415131.0,2005–14
new_hampshire_2010,new_hampshire,2010,970,1,407659.0,2010–19
new_hampshire_2015,new_hampshire,2015,983,1,411719.0,2015–24
new_jersey_1995,new_jersey,1995,3012,1,1173650.0,1995–04
new_jersey_2000,new_jersey,2000,3396,1,1329276.0,2000–09
new_jersey_2005,new_jersey,2005,6774,1,2596381.0,2005–14
new_jersey_2010,new_jersey,2010,12752,1,5070416.0,2010–19
new_jersey_2015,new_jersey,2015,14081,1,5895765.0,2015–24
new_mexico_1995,new_mexico,1995,46,0,,1995–04
new_mexico_2000,new_mexico,2000,287,0,,2000–09
new_mexico_2005,new_mexico,2005,1008,1,455157.0,2005–14
new_mexico_2010,new_mexico,2010,2269,1,1054810.0,2010–19
new_mexico_2015,new_mexico,2015,4340,1,1874115.0,2015–24
new_york_1995,new_york,1995,5252,1,3049344.0,1995–04
new_york_2000,new_york,2000,12294,1,6093765.0,2000–09
new_york_2005,new_york,2005,24226,1,9903713.0,2005–14
new_york_2010,new_york,2010,35659,1,13939832.0,2010–19
new_york_2015,new_york,2015,38678,1,15529036.0,2015–24
north_carolina_1995,north_carolina,1995,840,1,365034.0,1995–04
north_carolina_2000,north_carolina,2000,2447,1,988486.0,2000–09
north_carolina_2005,north_carolina,2005,6633,1,2476057.0,2005–14
north_carolina_2010,north_carolina,2010,13474,1,5210470.0,2010–19
north_carolina_2015,north_carolina,2015,23112,1,8868206.0,2015–24
north_dakota_1995,north_dakota,1995,167,0,,1995–04
north_dakota_2000,north_dakota,2000,733,1,313830.0,2000–09
north_dakota_2005,north_dakota,2005,2212,1,903620.0,2005–14
north_dakota_2010,north_dakota,2010,4269,1,1692337.0,2010–19
north_dakota_2015,north_dakota,2015,5407,1,1954014.0,2015–24
ohio_1995,ohio,1995,2137,1,922434.0,1995–04
ohio_2000,ohio,2000,5792,1,2221808.0,2000–09
ohio_2005,ohio,2005,12607,1,4636406.0,2005–14
ohio_2010,ohio,2010,24021,1,9199199.0,2010–19
ohio_2015,ohio,2015,31721,1,12059622.0,2015–24
oklahoma_1995,oklahoma,1995,1313,1,494015.0,1995–04
oklahoma_2000,oklahoma,2000,2517,1,893043.0,2000–09
oklahoma_2005,oklahoma,2005,5853,1,2189940.0,2005–14
oklahoma_2010,oklahoma,2010,8710,1,3410274.0,2010–19
oklahoma_2015,oklahoma,2015,10440,1,3894485.0,2015–24
oregon_1995,oregon,1995,1079,1,550990.0,1995–04
oregon_2000,oregon,2000,3397,1,1515251.0,2000–09
oregon_2005,oregon,2005,6868,1,2799655.0,2005–14
oregon_2010,oregon,2010,11191,1,4573785.0,2010–19
oregon_2015,oregon,2015,14902,1,6242406.0,2015–24
pennsylvania_1995,pennsylvania,1995,2681,1,1167735.0,1995–04
pennsylvania_2000,pennsylvania,2000,7178,1,3055020.0,2000–09
pennsylvania_2005,pennsylvania,2005,15239,1,6046494.0,2005–14
pennsylvania_2010,pennsylvania,2010,24791,1,9674821.0,2010–19
pennsylvania_2015,pennsylvania,2015,29619,1,11758507.0,2015–24
rhode_island_1995,rhode_island,1995,201,0,,1995–04
rhode_island_2000,rhode_island,2000,720,1,335817.0,2000–09
rhode_island_2005,rhode_island,2005,2143,1,871948.0,2005–14
rhode_island_2010,rhode_island,2010,4158,1,1718932.0,2010–19
rhode_island_2015,rhode_island,2015,5462,1,2348514.0,2015–24
south_carolina_1995,south_carolina,1995,579,1,221302.0,1995–04
south_carolina_2000,south_carolina,2000,1444,1,415665.0,2000–09
south_carolina_2005,south_carolina,2005,3331,1,879912.0,2005–14
south_carolina_2010,south_carolina,2010,5806,1,1654960.0,2010–19
south_carolina_2015,south_carolina,2015,7631,1,2295402.0,2015–24
south_dakota_1995,south_dakota,1995,391,0,,1995–04
south_dakota_2000,south_dakota,2000,999,1,416242.0,2000–09
south_dakota_2005,south_dakota,2005,2078,1,825485.0,2005–14
south_dakota_2010,south_dakota,2010,3765,1,1559820.0,2010–19
south_dakota_2015,south_dakota,2015,5553,1,2280812.0,2015–24
tennessee_1995,tennessee,1995,812,1,366226.0,1995–04
tennessee_2000,tennessee,2000,2117,1,881101.0,2000–09
tennessee_2005,tennessee,2005,5080,1,2036214.0,2005–14
tennessee_2010,tennessee,2010,10666,1,4210029.0,2010–19
tennessee_2015,tennessee,2015,16739,1,6225419.0,2015–24
texas_1995,texas,1995,386,0,,1995–04
texas_2000,texas,2000,3877,1,1900226.0,2000–09
texas_2005,texas,2005,12560,1,5691291.0,2005–14
texas_2010,texas,2010,22381,1,8884195.0,2010–19
texas_2015,texas,2015,34310,1,11851541.0,2015–24
utah_1995,utah,1995,1028,1,415367.0,1995–04
utah_2000,utah,2000,1668,1,714343.0,2000–09
utah_2005,utah,2005,2753,1,1213372.0,2005–14
utah_2010,utah,2010,4597,1,2072341.0,2010–19
utah_2015,utah,2015,6790,1,3107378.0,2015–24
vermont_1995,vermont,1995,450,0,,1995–04
vermont_2000,vermont,2000,1685,1,817275.0,2000–09
vermont_2005,vermont,2005,3500,1,1550036.0,2005–14
vermont_2010,vermont,2010,5488,1,2410591.0,2010–19
vermont_2015,vermont,2015,6408,1,2810898.0,2015–24
virginia_1995,virginia,1995,1203,1,418453.0,1995–04
virginia_2000,virginia,2000,2593,1,874221.0,2000–09
virginia_2005,virginia,2005,6404,1,2302768.0,2005–14
virginia_2010,virginia,2010,12677,1,5098074.0,2010–19
virginia_2015,virginia,2015,17093,1,7390459.0,2015–24
washington_1995,washington,1995,1453,1,623157.0,1995–04
washington_2000,washington,2000,4596,1,1898281.0,2000–09
washington_2005,washington,2005,11362,1,4193467.0,2005–14
washington_2010,washington,2010,18791,1,6623870.0,2010–19
washington_2015,washington,2015,22720,1,8358966.0,2015–24
west_virginia_1995,west_virginia,1995,63,0,,1995–04
west_virginia_2000,west_virginia,2000,835,1,318519.0,2000–09
west_virginia_2005,west_virginia,2005,2706,1,991714.0,2005–14
west_virginia_2010,west_virginia,2010,5631,1,2049783.0,2010–19
west_virginia_2015,west_virginia,2015,8381,1,3147851.0,2015–24
wisconsin_1995,wisconsin,1995,1043,1,345026.0,1995–04
wisconsin_2000,wisconsin,2000,2974,1,1054711.0,2000–09
wisconsin_2005,wisconsin,2005,7093,1,2649584.0,2005–14
wisconsin_2010,wisconsin,2010,12367,1,4675224.0,2010–19
wisconsin_2015,wisconsin,2015,15877,1,6254087.0,2015–24
wyoming_1995,wyoming,1995,146,0,,1995–04
wyoming_2000,wyoming,2000,531,1,213455.0,2000–09
wyoming_2005,wyoming,2005,1478,1,664387.0,2005–14
wyoming_2010,wyoming,2010,3587,1,1503880.0,2010–19
wyoming_2015,wyoming,2015,5831,1,2404993.0,2015–24
