category,word,n_units_in_vocab,coverage_all,used,coverage_1995–04,coverage_2000–09,coverage_2005–14,coverage_2010–19,coverage_2015–24
family_sphere,home,232,1.0,True,1.0,1.0,1.0,1.0,1.0
family_sphere,kids,232,1.0,True,1.0,1.0,1.0,1.0,1.0
family_sphere,parents,232,1.0,True,1.0,1.0,1.0,1.0,1.0
family_sphere,married,232,1.0,True,1.0,1.0,1.0,1.0,1.0
family_sphere,family,232,1.0,True,1.0,1.0,1.0,1.0,1.0
family_sphere,children,232,1.0,True,1.0,1.0,1.0,1.0,1.0
family_sphere,baby,231,0.9956896551724138,True,0.9696969696969697,1.0,1.0,1.0,1.0
family_sphere,grandchildren,230,0.9913793103448276,True,0.9696969696969697,0.9791666666666666,1.0,1.0,1.0
family_sphere,marriage,223,0.961206896551724,True,0.9393939393939394,0.9166666666666666,0.9795918367346939,0.9803921568627451,0.9803921568627451
family_sphere,relatives,221,0.9525862068965516,True,0.9090909090909091,0.8958333333333334,0.9795918367346939,0.9803921568627451,0.9803921568627451
family_sphere,wedding,219,0.9439655172413792,True,0.8787878787878788,0.8958333333333334,0.9591836734693877,0.9803921568627451,0.9803921568627451
family_sphere,cousins,218,0.9396551724137931,True,0.7878787878787878,0.9166666666666666,0.9795918367346939,0.9803921568627451,0.9803921568627451
family_sphere,childhood,217,0.9353448275862069,True,0.8181818181818182,0.875,0.9795918367346939,0.9803921568627451,0.9803921568627451
family_sphere,grandparents,214,0.9224137931034484,True,0.7878787878787878,0.875,0.9387755102040817,0.9803921568627451,0.9803921568627451
family_sphere,siblings,199,0.8577586206896551,True,0.42424242424242425,0.8125,0.9387755102040817,0.9803921568627451,0.9803921568627451
family_sphere,infant,192,0.8275862068965517,True,0.5454545454545454,0.7291666666666666,0.8979591836734694,0.9411764705882353,0.9215686274509803
family_sphere,divorce,189,0.8146551724137931,True,0.6363636363636364,0.6875,0.8367346938775511,0.9019607843137255,0.9411764705882353
family_sphere,household,188,0.8103448275862069,True,0.36363636363636365,0.6666666666666666,0.8979591836734694,0.9803921568627451,0.9803921568627451
family_sphere,nursery,129,0.5560344827586207,True,0.21212121212121213,0.3125,0.5102040816326531,0.7843137254901961,0.8235294117647058
family_sphere,toddler,127,0.5474137931034483,True,0.12121212121212122,0.25,0.6122448979591837,0.7647058823529411,0.8235294117647058
household,kitchen,225,0.9698275862068966,True,0.8484848484848485,0.9583333333333334,1.0,1.0,1.0
household,meals,209,0.9008620689655172,True,0.5757575757575758,0.8125,1.0,1.0,1.0
household,cooking,204,0.8793103448275862,True,0.6363636363636364,0.7708333333333334,0.9591836734693877,0.9607843137254902,0.9803921568627451
household,cleaning,194,0.8362068965517241,True,0.36363636363636365,0.75,0.9387755102040817,0.9803921568627451,0.9803921568627451
household,recipes,180,0.7758620689655172,True,0.3333333333333333,0.5833333333333334,0.8979591836734694,0.9215686274509803,0.9803921568627451
household,gardening,168,0.7241379310344828,True,0.36363636363636365,0.4583333333333333,0.7551020408163265,0.9411764705882353,0.9607843137254902
household,cleaned,167,0.7198275862068966,True,0.24242424242424243,0.4375,0.8367346938775511,0.9411764705882353,0.9607843137254902
household,laundry,157,0.6767241379310345,True,0.21212121212121213,0.4375,0.6938775510204082,0.9215686274509803,0.9411764705882353
household,baking,150,0.646551724137931,True,0.15151515151515152,0.4166666666666667,0.6530612244897959,0.8823529411764706,0.9411764705882353
household,oven,148,0.6379310344827587,True,0.15151515151515152,0.375,0.6326530612244898,0.9215686274509803,0.9215686274509803
household,washing,147,0.6336206896551724,True,0.18181818181818182,0.3333333333333333,0.6122448979591837,0.9019607843137255,0.9607843137254902
household,sewing,134,0.5775862068965517,True,0.18181818181818182,0.3125,0.5510204081632653,0.7843137254901961,0.9019607843137255
household,stove,122,0.5258620689655172,True,0.12121212121212122,0.2916666666666667,0.5102040816326531,0.7450980392156863,0.803921568627451
household,caregiver,110,0.4741379310344827,True,0.06060606060606061,0.16666666666666666,0.4489795918367347,0.6078431372549019,0.9215686274509803
household,refrigerator,105,0.4525862068965517,True,0.12121212121212122,0.22916666666666666,0.46938775510204084,0.6078431372549019,0.7058823529411765
household,lunches,103,0.4439655172413793,True,0.06060606060606061,0.08333333333333333,0.42857142857142855,0.6470588235294118,0.8431372549019608
household,parenting,102,0.4396551724137931,True,0.12121212121212122,0.20833333333333334,0.3877551020408163,0.6470588235294118,0.7058823529411765
household,appliances,100,0.4310344827586206,True,0.030303030303030304,0.14583333333333334,0.46938775510204084,0.5882352941176471,0.7647058823529411
household,chores,91,0.3922413793103448,True,0.06060606060606061,0.1875,0.3877551020408163,0.5686274509803921,0.6274509803921569
household,daycare,90,0.3879310344827586,True,0.0,0.0625,0.3469387755102041,0.5490196078431373,0.8235294117647058
household,childcare,71,0.3060344827586206,True,0.030303030303030304,0.08333333333333333,0.12244897959183673,0.37254901960784315,0.803921568627451
occupation,attorney,232,1.0,True,1.0,1.0,1.0,1.0,1.0
occupation,coach,232,1.0,True,1.0,1.0,1.0,1.0,1.0
occupation,driver,232,1.0,True,1.0,1.0,1.0,1.0,1.0
occupation,editor,232,1.0,True,1.0,1.0,1.0,1.0,1.0
occupation,judge,232,1.0,True,1.0,1.0,1.0,1.0,1.0
occupation,manager,232,1.0,True,1.0,1.0,1.0,1.0,1.0
occupation,police,232,1.0,True,1.0,1.0,1.0,1.0,1.0
occupation,teacher,232,1.0,True,1.0,1.0,1.0,1.0,1.0
occupation,writer,232,1.0,True,1.0,1.0,1.0,1.0,1.0
occupation,doctor,231,0.9956896551724138,True,1.0,0.9791666666666666,1.0,1.0,1.0
occupation,executive,231,0.9956896551724138,True,0.9696969696969697,1.0,1.0,1.0,1.0
occupation,reporter,231,0.9956896551724138,True,0.9696969696969697,1.0,1.0,1.0,1.0
occupation,lawyer,228,0.9827586206896552,True,0.9393939393939394,0.9583333333333334,1.0,1.0,1.0
occupation,professor,228,0.9827586206896552,True,0.9393939393939394,0.9583333333333334,1.0,1.0,1.0
occupation,prosecutor,228,0.9827586206896552,True,0.9090909090909091,0.9791666666666666,1.0,1.0,1.0
occupation,secretary,228,0.9827586206896552,True,0.9090909090909091,0.9791666666666666,1.0,1.0,1.0
occupation,artist,226,0.9741379310344828,True,0.8787878787878788,0.9583333333333334,1.0,1.0,1.0
occupation,sheriff,225,0.9698275862068966,True,0.9696969696969697,0.9166666666666666,0.9591836734693877,1.0,1.0
occupation,author,222,0.956896551724138,True,0.8484848484848485,0.8958333333333334,1.0,1.0,1.0
occupation,athlete,221,0.9525862068965516,True,0.9090909090909091,0.9166666666666666,0.9591836734693877,0.9803921568627451,0.9803921568627451
occupation,pastor,220,0.9482758620689656,True,0.8787878787878788,0.9166666666666666,0.9591836734693877,0.9803921568627451,0.9803921568627451
occupation,firefighter,219,0.9439655172413792,True,0.7878787878787878,0.9583333333333334,0.9795918367346939,0.9607843137254902,0.9803921568627451
occupation,soldier,218,0.9396551724137931,True,0.8181818181818182,0.8958333333333334,0.9795918367346939,0.9803921568627451,0.9803921568627451
occupation,farmer,216,0.9310344827586208,True,0.7575757575757576,0.9166666666666666,0.9591836734693877,0.9803921568627451,0.9803921568627451
occupation,nurse,215,0.9267241379310344,True,0.7878787878787878,0.8541666666666666,0.9795918367346939,0.9803921568627451,0.9803921568627451
occupation,administrator,214,0.9224137931034484,True,0.7272727272727273,0.8333333333333334,0.9795918367346939,1.0,1.0
occupation,detective,213,0.918103448275862,True,0.7575757575757576,0.8541666666666666,0.9795918367346939,0.9803921568627451,0.9607843137254902
occupation,clerk,212,0.913793103448276,True,0.696969696969697,0.8541666666666666,0.9591836734693877,0.9803921568627451,1.0
occupation,engineer,212,0.913793103448276,True,0.7575757575757576,0.8125,0.9795918367346939,0.9803921568627451,0.9803921568627451
occupation,supervisor,203,0.875,True,0.6060606060606061,0.7708333333333334,0.9387755102040817,0.9803921568627451,0.9803921568627451
occupation,musician,200,0.8620689655172413,True,0.5757575757575758,0.7291666666666666,0.9387755102040817,0.9803921568627451,0.9803921568627451
occupation,operator,199,0.8577586206896551,True,0.5454545454545454,0.75,0.9183673469387755,0.9803921568627451,0.9803921568627451
occupation,instructor,197,0.8491379310344828,True,0.45454545454545453,0.75,0.9387755102040817,0.9803921568627451,0.9803921568627451
occupation,photographer,197,0.8491379310344828,True,0.48484848484848486,0.7083333333333334,0.9591836734693877,0.9803921568627451,0.9803921568627451
occupation,physician,193,0.8318965517241379,True,0.45454545454545453,0.7083333333333334,0.8979591836734694,0.9803921568627451,0.9803921568627451
occupation,scientist,193,0.8318965517241379,True,0.42424242424242425,0.7291666666666666,0.8979591836734694,0.9803921568627451,0.9803921568627451
occupation,consultant,192,0.8275862068965517,True,0.48484848484848486,0.6666666666666666,0.8979591836734694,0.9803921568627451,0.9803921568627451
occupation,journalist,191,0.8232758620689655,True,0.45454545454545453,0.6041666666666666,0.9387755102040817,0.9803921568627451,1.0
occupation,chef,190,0.8189655172413793,True,0.3939393939393939,0.6875,0.8979591836734694,0.9803921568627451,0.9803921568627451
occupation,contractor,189,0.8146551724137931,True,0.3939393939393939,0.6041666666666666,0.9591836734693877,0.9803921568627451,0.9803921568627451
occupation,counselor,187,0.8060344827586207,True,0.3939393939393939,0.6666666666666666,0.8775510204081632,0.9607843137254902,0.9803921568627451
occupation,carpenter,185,0.7974137931034483,True,0.45454545454545453,0.7083333333333334,0.8571428571428571,0.9019607843137255,0.9411764705882353
occupation,trooper,184,0.7931034482758621,True,0.30303030303030304,0.7291666666666666,0.8775510204081632,0.9411764705882353,0.9411764705882353
occupation,dancer,180,0.7758620689655172,True,0.3939393939393939,0.6041666666666666,0.8367346938775511,0.9411764705882353,0.9607843137254902
occupation,designer,178,0.7672413793103449,True,0.36363636363636365,0.5833333333333334,0.8163265306122449,0.9607843137254902,0.9607843137254902
occupation,architect,173,0.7456896551724138,True,0.3333333333333333,0.5416666666666666,0.7551020408163265,0.9607843137254902,0.9803921568627451
occupation,technician,173,0.7456896551724138,True,0.21212121212121213,0.5416666666666666,0.8775510204081632,0.9607843137254902,0.9411764705882353
occupation,surgeon,167,0.7198275862068966,True,0.2727272727272727,0.5208333333333334,0.7551020408163265,0.9019607843137255,0.9803921568627451
occupation,mechanic,165,0.7112068965517241,True,0.30303030303030304,0.4791666666666667,0.7959183673469388,0.9019607843137255,0.9215686274509803
occupation,inspector,162,0.6982758620689655,True,0.21212121212121213,0.4583333333333333,0.7755102040816326,0.9215686274509803,0.9411764705882353
occupation,therapist,161,0.6939655172413793,True,0.21212121212121213,0.4166666666666667,0.7142857142857143,0.9607843137254902,0.9803921568627451
occupation,entrepreneur,155,0.6681034482758621,True,0.18181818181818182,0.3125,0.7551020408163265,0.9215686274509803,0.9803921568627451
occupation,painter,146,0.6293103448275862,True,0.21212121212121213,0.4166666666666667,0.673469387755102,0.8431372549019608,0.8431372549019608
occupation,paramedic,139,0.5991379310344828,True,0.21212121212121213,0.3125,0.6122448979591837,0.8235294117647058,0.8823529411764706
occupation,dispatcher,135,0.5818965517241379,True,0.15151515151515152,0.2916666666666667,0.6122448979591837,0.7843137254901961,0.9019607843137255
occupation,miner,135,0.5818965517241379,True,0.2727272727272727,0.4375,0.5714285714285714,0.7254901960784313,0.7843137254901961
occupation,biologist,133,0.5732758620689655,True,0.15151515151515152,0.25,0.6122448979591837,0.8431372549019608,0.8431372549019608
occupation,veterinarian,133,0.5732758620689655,True,0.030303030303030304,0.2708333333333333,0.673469387755102,0.803921568627451,0.8823529411764706
occupation,broker,131,0.5646551724137931,True,0.18181818181818182,0.3125,0.5306122448979592,0.803921568627451,0.8431372549019608
occupation,sailor,131,0.5646551724137931,True,0.24242424242424243,0.3333333333333333,0.5102040816326531,0.7843137254901961,0.8235294117647058
occupation,librarian,129,0.5560344827586207,True,0.09090909090909091,0.2708333333333333,0.5306122448979592,0.8431372549019608,0.8627450980392157
occupation,dentist,123,0.5301724137931034,True,0.15151515151515152,0.25,0.5102040816326531,0.7450980392156863,0.8431372549019608
occupation,psychologist,122,0.5258620689655172,True,0.21212121212121213,0.2708333333333333,0.5510204081632653,0.6862745098039216,0.7843137254901961
occupation,accountant,120,0.5172413793103449,True,0.12121212121212122,0.22916666666666666,0.5306122448979592,0.7450980392156863,0.803921568627451
occupation,attendant,120,0.5172413793103449,True,0.15151515151515152,0.375,0.4897959183673469,0.6274509803921569,0.803921568627451
occupation,auditor,115,0.4956896551724138,False,0.18181818181818182,0.2916666666666667,0.42857142857142855,0.6470588235294118,0.803921568627451
occupation,banker,113,0.4870689655172414,False,0.15151515151515152,0.20833333333333334,0.5306122448979592,0.6666666666666666,0.7450980392156863
occupation,bartender,112,0.4827586206896552,False,0.2727272727272727,0.3333333333333333,0.4489795918367347,0.6078431372549019,0.6666666666666666
occupation,realtor,111,0.4784482758620689,False,0.09090909090909091,0.1875,0.42857142857142855,0.7058823529411765,0.8235294117647058
occupation,caregiver,110,0.4741379310344827,False,0.06060606060606061,0.16666666666666666,0.4489795918367347,0.6078431372549019,0.9215686274509803
occupation,gardener,110,0.4741379310344827,False,0.18181818181818182,0.2708333333333333,0.4489795918367347,0.5882352941176471,0.7647058823529411
occupation,clergy,92,0.396551724137931,False,0.12121212121212122,0.1875,0.3469387755102041,0.5882352941176471,0.6274509803921569
occupation,pharmacist,90,0.3879310344827586,False,0.030303030303030304,0.08333333333333333,0.3469387755102041,0.6274509803921569,0.7058823529411765
occupation,teller,90,0.3879310344827586,False,0.12121212121212122,0.1875,0.30612244897959184,0.5882352941176471,0.6274509803921569
occupation,entertainer,85,0.3663793103448275,False,0.09090909090909091,0.1875,0.3877551020408163,0.5098039215686274,0.5490196078431373
occupation,custodian,84,0.3620689655172414,False,0.030303030303030304,0.125,0.30612244897959184,0.5686274509803921,0.6470588235294118
occupation,psychiatrist,84,0.3620689655172414,False,0.12121212121212122,0.1875,0.42857142857142855,0.5098039215686274,0.47058823529411764
occupation,economist,82,0.3534482758620689,False,0.12121212121212122,0.14583333333333334,0.30612244897959184,0.47058823529411764,0.6274509803921569
occupation,shoemaker,75,0.3232758620689655,False,0.06060606060606061,0.14583333333333334,0.32653061224489793,0.45098039215686275,0.5294117647058824
occupation,rancher,74,0.3189655172413793,False,0.12121212121212122,0.125,0.30612244897959184,0.43137254901960786,0.5294117647058824
occupation,tutor,72,0.3103448275862069,False,0.09090909090909091,0.125,0.2857142857142857,0.43137254901960786,0.5294117647058824
occupation,cashier,70,0.3017241379310345,False,0.06060606060606061,0.0625,0.30612244897959184,0.43137254901960786,0.5490196078431373
occupation,postmaster,69,0.2974137931034483,False,0.0,0.0625,0.2857142857142857,0.4117647058823529,0.6078431372549019
occupation,laborer,65,0.2801724137931034,False,0.09090909090909091,0.14583333333333334,0.20408163265306123,0.37254901960784315,0.5098039215686274
occupation,electrician,63,0.271551724137931,False,0.030303030303030304,0.14583333333333334,0.22448979591836735,0.39215686274509803,0.47058823529411764
occupation,pediatrician,62,0.2672413793103448,False,0.030303030303030304,0.08333333333333333,0.20408163265306123,0.39215686274509803,0.5294117647058824
occupation,jeweler,56,0.2413793103448276,False,0.030303030303030304,0.0625,0.24489795918367346,0.39215686274509803,0.39215686274509803
occupation,proprietor,56,0.2413793103448276,False,0.030303030303030304,0.10416666666666667,0.1836734693877551,0.39215686274509803,0.4117647058823529
occupation,blacksmith,50,0.2155172413793103,False,0.0,0.0625,0.16326530612244897,0.37254901960784315,0.39215686274509803
occupation,receptionist,49,0.2112068965517241,False,0.0,0.08333333333333333,0.16326530612244897,0.3137254901960784,0.4117647058823529
occupation,bookkeeper,48,0.2068965517241379,False,0.0,0.08333333333333333,0.1836734693877551,0.29411764705882354,0.39215686274509803
occupation,stylist,48,0.2068965517241379,False,0.06060606060606061,0.08333333333333333,0.16326530612244897,0.2549019607843137,0.4117647058823529
occupation,tailor,48,0.2068965517241379,False,0.030303030303030304,0.08333333333333333,0.12244897959183673,0.27450980392156865,0.45098039215686275
occupation,nanny,47,0.2025862068965517,False,0.06060606060606061,0.08333333333333333,0.20408163265306123,0.27450980392156865,0.3333333333333333
occupation,auctioneer,44,0.1896551724137931,False,0.0,0.020833333333333332,0.1836734693877551,0.3137254901960784,0.35294117647058826
occupation,constable,44,0.1896551724137931,False,0.0,0.08333333333333333,0.1836734693877551,0.29411764705882354,0.3137254901960784
occupation,welder,43,0.1853448275862069,False,0.0,0.020833333333333332,0.16326530612244897,0.2549019607843137,0.4117647058823529
occupation,trucker,42,0.1810344827586207,False,0.0,0.0625,0.10204081632653061,0.3137254901960784,0.35294117647058826
occupation,logger,33,0.1422413793103448,False,0.09090909090909091,0.10416666666666667,0.12244897959183673,0.17647058823529413,0.19607843137254902
occupation,conservationist,32,0.1379310344827586,False,0.030303030303030304,0.041666666666666664,0.04081632653061224,0.19607843137254902,0.3333333333333333
occupation,plumber,32,0.1379310344827586,False,0.0,0.08333333333333333,0.10204081632653061,0.17647058823529413,0.27450980392156865
occupation,machinist,30,0.1293103448275862,False,0.0,0.0625,0.14285714285714285,0.17647058823529413,0.21568627450980393
occupation,geologist,27,0.1163793103448275,False,0.0,0.020833333333333332,0.061224489795918366,0.21568627450980393,0.23529411764705882
occupation,chemist,26,0.1120689655172413,False,0.0,0.041666666666666664,0.10204081632653061,0.17647058823529413,0.19607843137254902
occupation,lumberjack,26,0.1120689655172413,False,0.0,0.020833333333333332,0.08163265306122448,0.17647058823529413,0.23529411764705882
occupation,janitor,25,0.1077586206896551,False,0.0,0.0625,0.10204081632653061,0.13725490196078433,0.19607843137254902
occupation,surveyor,23,0.0991379310344827,False,0.0,0.0,0.08163265306122448,0.11764705882352941,0.2549019607843137
occupation,housekeeper,21,0.0905172413793103,False,0.030303030303030304,0.041666666666666664,0.08163265306122448,0.1568627450980392,0.11764705882352941
occupation,chiropractor,20,0.0862068965517241,False,0.0,0.0,0.02040816326530612,0.13725490196078433,0.23529411764705882
occupation,bailiff,19,0.0818965517241379,False,0.0,0.020833333333333332,0.10204081632653061,0.11764705882352941,0.13725490196078433
occupation,paralegal,18,0.0775862068965517,False,0.0,0.020833333333333332,0.08163265306122448,0.09803921568627451,0.1568627450980392
occupation,programmer,15,0.0646551724137931,False,0.0,0.041666666666666664,0.04081632653061224,0.09803921568627451,0.11764705882352941
occupation,midwife,14,0.0603448275862069,False,0.0,0.020833333333333332,0.061224489795918366,0.09803921568627451,0.09803921568627451
occupation,babysitter,13,0.0560344827586206,False,0.0,0.0,0.04081632653061224,0.11764705882352941,0.09803921568627451
occupation,physicist,13,0.0560344827586206,False,0.0,0.041666666666666664,0.061224489795918366,0.0784313725490196,0.0784313725490196
occupation,hairdresser,9,0.0387931034482758,False,0.030303030303030304,0.041666666666666664,0.04081632653061224,0.0392156862745098,0.0392156862745098
occupation,landscaper,9,0.0387931034482758,False,0.0,0.020833333333333332,0.04081632653061224,0.0392156862745098,0.0784313725490196
occupation,mathematician,9,0.0387931034482758,False,0.0,0.0,0.04081632653061224,0.0784313725490196,0.058823529411764705
occupation,salesperson,9,0.0387931034482758,False,0.0,0.041666666666666664,0.04081632653061224,0.0392156862745098,0.058823529411764705
occupation,dietitian,5,0.021551724137931,False,0.0,0.0,0.0,0.0392156862745098,0.058823529411764705
occupation,nutritionist,5,0.021551724137931,False,0.0,0.0,0.02040816326530612,0.0392156862745098,0.0392156862745098
occupation,optometrist,4,0.0172413793103448,False,0.0,0.0,0.0,0.0392156862745098,0.0392156862745098
occupation,hygienist,2,0.0086206896551724,False,0.0,0.0,0.0,0.0196078431372549,0.0196078431372549
occupation,plasterer,1,0.0043103448275862,False,0.0,0.0,0.02040816326530612,0.0,0.0
occupation,actuary,0,0.0,False,0.0,0.0,0.0,0.0,0.0
occupation,cabinetmaker,0,0.0,False,0.0,0.0,0.0,0.0,0.0
occupation,cosmetologist,0,0.0,False,0.0,0.0,0.0,0.0,0.0
occupation,millwright,0,0.0,False,0.0,0.0,0.0,0.0,0.0
occupation,osteopath,0,0.0,False,0.0,0.0,0.0,0.0,0.0
occupation,roofer,0,0.0,False,0.0,0.0,0.0,0.0,0.0
occupation,statistician,0,0.0,False,0.0,0.0,0.0,0.0,0.0
occupation,toolmaker,0,0.0,False,0.0,0.0,0.0,0.0,0.0
occupation,upholsterer,0,0.0,False,0.0,0.0,0.0,0.0,0.0
