state,slope,lo,hi,n_windows,domain
montana,-0.4033676460089599,-0.7775112774082518,-0.029224014609668003,4,household
west_virginia,-0.35836421873813684,-0.7026068680700216,-0.014121569406252088,4,household
alaska,-0.3581521029581308,-0.7126875355176177,-0.003616670398643995,4,household
south_dakota,-0.280074209370777,-0.537739449580751,-0.022408969160802927,4,household
north_carolina,-0.26364344977711307,-0.6432954440770915,0.1160085445228653,4,household
kentucky,-0.25730237757916447,-0.641021267108902,0.12641651195057302,4,household
texas,-0.24608446125048922,-0.6161959707011344,0.12402704820015598,4,household
nebraska,-0.22621937626533697,-0.5545807356688784,0.10214198313820452,4,household
new_mexico,-0.21080831195993632,-0.6218498200749133,0.20023319615504065,3,household
arizona,-0.20679699345354827,-0.6051995260982179,0.19160553919112142,2,household
pennsylvania,-0.20450153596629922,-0.5959456842990989,0.1869426123665004,4,household
utah,-0.18323466296795113,-0.5940035159662586,0.22753419003035627,4,household
rhode_island,-0.17757755145093645,-0.5223439824163757,0.1671888795145028,4,household
vermont,-0.17412250507549676,-0.5238130509067478,0.17556804075575422,4,household
florida,-0.17213418293459692,-0.5467941065738844,0.20252574070469054,4,household
iowa,-0.16730524084623574,-0.5567987313988401,0.2221882497063686,4,household
new_hampshire,-0.16675302595114289,-0.5655317540289488,0.232025702126663,4,household
oregon,-0.14276957987361769,-0.5999815011934948,0.3144423414462594,4,household
kansas,-0.13907718150241927,-0.5577209329818512,0.2795665699770127,4,household
georgia,-0.1376898946790912,-0.5016436160557792,0.22626382669759681,4,household
new_york,-0.13298092271759496,-0.5125524861555095,0.24659064072031958,4,household
idaho,-0.13227865829091515,-0.4906659279286063,0.22610861134677598,4,household
indiana,-0.13034507092062775,-0.5279912135554881,0.2673010717142325,4,household
alabama,-0.12916020569374015,-0.5154580874253543,0.257137676037874,4,household
michigan,-0.1269881750493892,-0.5089830867059985,0.25500673660722006,4,household
illinois,-0.12462236809378664,-0.5271589363778664,0.27791420019029306,4,household
oklahoma,-0.1216458202600819,-0.5459585314993716,0.3026668909792078,4,household
new_jersey,-0.11126594030850401,-0.5095801296836066,0.28704824906659854,4,household
minnesota,-0.11058105179684839,-0.500690547899215,0.2795284443055182,4,household
louisiana,-0.10188590359742189,-0.4135630691055274,0.20979126191068365,4,household
ohio,-0.10114868729917922,-0.491504872053079,0.2892074974547205,4,household
virginia,-0.0950053997073092,-0.4110329831046611,0.22102218369004267,4,household
california,-0.09488533455272204,-0.4606618245678111,0.27089115546236703,4,household
massachusetts,-0.0793735321164335,-0.46127874899971844,0.30253168476685144,4,household
wisconsin,-0.0729899346252304,-0.3983682538438956,0.2523883845934348,4,household
connecticut,-0.060291922840172645,-0.38949170461063276,0.26890785893028746,4,household
washington,-0.05552304213234183,-0.4065102062662674,0.29546412200158373,4,household
arkansas,-0.0534967906790505,-0.4343821977012938,0.32738861634319283,2,household
missouri,-0.04114816754829319,-0.4265269804211444,0.344230645324558,4,household
south_carolina,-0.022569922956759164,-0.3888040199767324,0.34366417406321415,4,household
mississippi,-0.013392533604071666,-0.41378324439310155,0.3869981771849582,4,household
maryland,-0.012008629079356611,-0.3836301646912051,0.35961290653249184,4,household
nevada,0.010175683865250112,-0.4027036435493715,0.42305501127987166,4,household
colorado,0.010178573656208417,-0.38738284875565643,0.4077399960680732,4,household
delaware,0.01846534997710829,-0.3044918396970421,0.3414225396512587,4,household
tennessee,0.02286539251879717,-0.36149081651898646,0.40722160155658077,4,household
maine,0.04284224499888643,-0.2734342003326859,0.3591186903304588,4,household
wyoming,0.17294974103839295,-0.2445884830280256,0.5904879651048115,3,household
north_dakota,0.210032788708505,-0.07210715277604596,0.49217273019305596,4,household
district_of_columbia,0.22606325270848338,-0.08757384490322634,0.5397003503201931,4,household
hawaii,0.3406947696428067,0.05126978227180273,0.6301197570138106,4,household
