state,mean,k,se,domain
district_of_columbia,-0.021187177493645397,5,0.0023189338437553083,occupation
virginia,-0.01990413566127188,5,0.001637144376702383,occupation
arizona,-0.0186861464075298,2,0.002001617937992503,occupation
tennessee,-0.01713206714555458,5,0.0020600512949174566,occupation
massachusetts,-0.01468244859323434,5,0.0014139590311164226,occupation
maryland,-0.014210116802238121,5,0.0018253347494343684,occupation
north_dakota,-0.013998309832864875,4,0.0028944872154844452,occupation
north_carolina,-0.013652340743017,5,0.001608895779457197,occupation
wisconsin,-0.013487484000737602,5,0.0017988702977651528,occupation
missouri,-0.013222496563362541,5,0.00142868271241774,occupation
connecticut,-0.012540442733975199,5,0.0015105275750178428,occupation
florida,-0.012502372806697299,5,0.001391736223767103,occupation
texas,-0.01160340644328435,4,0.0015769283370051538,occupation
georgia,-0.01151556904033945,4,0.0015228134297989846,occupation
new_york,-0.011361990086283542,5,0.0015857715584823412,occupation
louisiana,-0.01129548734727006,5,0.001602346716695088,occupation
california,-0.01087831976009274,5,0.0016008928963882605,occupation
rhode_island,-0.010846179149778451,4,0.0025185607391290227,occupation
maine,-0.010349698300900975,4,0.0020733244106195107,occupation
south_dakota,-0.009892975445204075,4,0.0020138658619845012,occupation
idaho,-0.0098075761084495,4,0.0015434508925656072,occupation
kentucky,-0.009724979108704575,4,0.001817199612478907,occupation
nevada,-0.00967355781853288,5,0.001727892373916396,occupation
nebraska,-0.00906081537105228,5,0.0015831976747505646,occupation
pennsylvania,-0.00881664985695806,5,0.001570220243770863,occupation
montana,-0.0088016228419339,5,0.0013605764954586238,occupation
iowa,-0.0087646547080835,5,0.0015298041765824898,occupation
hawaii,-0.00871322831558143,4,0.001436113686750884,occupation
washington,-0.00862519474103326,5,0.0013342167926374536,occupation
kansas,-0.008500710131274175,4,0.0021565167321477043,occupation
alabama,-0.00843988491506012,5,0.0015668609218759157,occupation
delaware,-0.008222996553539025,4,0.0027143707615986017,occupation
illinois,-0.007234930197343681,5,0.0014687493104259715,occupation
arkansas,-0.005829437950438349,2,0.0021002643910939573,occupation
ohio,-0.00576881138076318,5,0.001334592403391207,occupation
oklahoma,-0.00571597058093752,5,0.0015631141733849006,occupation
colorado,-0.005417059743656,5,0.00133610726482263,occupation
minnesota,-0.005362186648817842,5,0.0012948136122533146,occupation
vermont,-0.005354703427724525,4,0.0016289808914592599,occupation
west_virginia,-0.0051375273129841,4,0.0020253156583538395,occupation
utah,-0.0050731110088958805,5,0.0015592296180315277,occupation
new_mexico,-0.004733974019738733,3,0.002107994502497193,occupation
new_jersey,-0.0044481582808673596,5,0.0016176682336877363,occupation
mississippi,-0.00428796097088496,5,0.0019125232622367566,occupation
indiana,-0.00279853451496284,5,0.0017027284131859578,occupation
michigan,-8.434749323819879e-06,5,0.001557289195564703,occupation
south_carolina,0.00012611277667688012,5,0.0018877898181718946,occupation
alaska,0.0009522579336778,4,0.0024722824934289246,occupation
wyoming,0.001642053941216025,4,0.0018042030002998815,occupation
oregon,0.00209978947648374,5,0.0013935242919380013,occupation
new_hampshire,0.0071046470228906,5,0.0024019461964573624,occupation
oklahoma,-0.01985188336715972,5,0.0022679597972257654,family
kansas,-0.017549571818293,4,0.005891809325995063,family
iowa,-0.01675985958459964,5,0.0023356427088988383,family
pennsylvania,-0.015463206477720681,5,0.0024276952666791763,family
oregon,-0.015226194442964438,5,0.0017705356625989821,family
indiana,-0.014910651679552661,5,0.002210511913295939,family
utah,-0.013726134998304398,5,0.003103108871522286,family
nevada,-0.01210281630479168,5,0.002832792737104558,family
wyoming,-0.012017657843356835,3,0.002034708640943307,family
new_mexico,-0.011902607267317934,3,0.0037226149922824567,family
north_carolina,-0.011576899002103359,5,0.002013458944259563,family
mississippi,-0.009993683212102726,4,0.002182929361834741,family
minnesota,-0.009385730519171239,5,0.0020756453711954495,family
new_hampshire,-0.009382135687949761,5,0.0030665416861049874,family
illinois,-0.00905859495820986,5,0.0021560722711332055,family
new_jersey,-0.00895672789718208,5,0.0031333265070066763,family
kentucky,-0.00875273639382695,4,0.003952890602642714,family
colorado,-0.00841725765449718,5,0.002506911846634546,family
ohio,-0.00833001006872212,5,0.002261057887549961,family
maryland,-0.00830115382622568,5,0.0025527882959288147,family
south_carolina,-0.007765079535972941,5,0.0034954415653566232,family
missouri,-0.00726828921015712,5,0.0028990761704291825,family
massachusetts,-0.007120528179854519,5,0.0021126595053613936,family
florida,-0.00664589756917818,5,0.002330185721049511,family
michigan,-0.00542550984819436,5,0.003783674334188683,family
texas,-0.005364758606360875,4,0.0023431969088760604,family
connecticut,-0.00521347270208526,5,0.002571527905076777,family
vermont,-0.0048198055023754745,4,0.002482333062057013,family
alaska,-0.0048089272531457,4,0.002351739688592599,family
california,-0.004793295345608401,5,0.0020667099390707547,family
new_york,-0.00444337967154442,5,0.0019307049041052912,family
arizona,-0.00419993960281815,2,0.002880194372322989,family
idaho,-0.004022905042074875,4,0.0060385202717575,family
georgia,-0.003947842554714475,4,0.0022815475677257363,family
delaware,-0.003939806477707374,4,0.002885604520231341,family
tennessee,-0.0030175905113311997,5,0.009159380439315547,family
west_virginia,-0.002095069197972075,4,0.002687302586822054,family
montana,-0.00208846835144784,5,0.0030049137243497647,family
rhode_island,-0.0018515297414249245,4,0.0030594672086866467,family
maine,-0.0009115314485319253,4,0.006348644237729088,family
arkansas,-0.0003052308277235998,2,0.004086883074564379,family
virginia,-0.00012772347163867993,5,0.006450293996544745,family
alabama,0.00034779003296972087,5,0.002772405208790193,family
nebraska,0.0009021756676486498,4,0.002011246419504024,family
wisconsin,0.001882151089667175,4,0.0020499620116185245,family
washington,0.006744777241360101,5,0.0028322347268968677,family
north_dakota,0.0070874043646524,4,0.0028819601932172393,family
hawaii,0.008793038590209825,4,0.0035685030172869364,family
louisiana,0.00948585828045582,5,0.0023111271814911074,family
south_dakota,0.01896113458831515,4,0.002879570451107789,family
district_of_columbia,0.0195054043512328,5,0.003801960981580514,family
