domain,survey,spec,beta,se,p,n,states,q_bh
occupation,family_index_acs,pooled,0.044917505592577484,0.06085167684851991,0.46042489711870505,227,50,0.9395610627937288
occupation,family_index_acs,between,-0.127763007181307,0.09529738814002604,0.1800253767613582,50,50,0.3992648013650373
occupation,family_index_acs,within,0.014586879545226052,0.02964140672323484,0.6226404652614103,227,50,0.9403397449765161
occupation,motherhood_emp_gap,pooled,0.058541188796906125,0.061379921097492796,0.34020946963866816,227,50,0.9395610627937288
occupation,motherhood_emp_gap,between,-0.03458574026874239,0.10502264773320387,0.741916117661641,50,50,0.9538921512792528
occupation,motherhood_emp_gap,within,0.022588282938955918,0.0382944854979556,0.5552863038023537,227,50,0.9403397449765161
occupation,motherhood_hours_gap,pooled,0.005708738979245445,0.07529176332505386,0.9395610627937288,227,50,0.9395610627937288
occupation,motherhood_hours_gap,between,-0.2792354150610733,0.10743513753328225,0.009346664158623475,50,50,0.08411997742761128
occupation,motherhood_hours_gap,within,0.027559911643425784,0.03832082395601922,0.47202453099038055,227,50,0.9403397449765161
occupation,married_women_nilf,pooled,0.06214418623264697,0.06998741799745165,0.3745764218386053,227,50,0.9395610627937288
occupation,married_women_nilf,between,-0.0026976837889091127,0.11858291991451138,0.9818502141678033,50,50,0.9818502141678033
occupation,married_women_nilf,within,0.022548438789289114,0.02139664147510054,0.29196041119141014,227,50,0.9403397449765161
occupation,wife_earnings_share,pooled,-0.012932334598478774,0.0646044744312091,0.8413420973187373,227,50,0.9395610627937288
occupation,wife_earnings_share,between,-0.12623763823112996,0.10791970800761806,0.24210696241291507,50,50,0.3992648013650373
occupation,wife_earnings_share,within,0.008925681769322416,0.027723001339683955,0.7474834278715805,227,50,0.9403397449765161
occupation,wife_earns_more,pooled,0.008639851067953203,0.06932984724970125,0.9008247880505214,227,50,0.9395610627937288
occupation,wife_earns_more,between,-0.19041102049800762,0.11147669679364892,0.08762165875038044,50,50,0.26286497625114136
occupation,wife_earns_more,within,-0.012089908916341555,0.027300525833619898,0.6578776516354472,227,50,0.9403397449765161
occupation,gender_emp_gap,pooled,0.1037631614179997,0.06378855369672515,0.10380642146355985,227,50,0.9342577931720387
occupation,gender_emp_gap,between,-0.01393296455082265,0.09488645271519437,0.8832596604445223,50,50,0.9818502141678033
occupation,gender_emp_gap,within,0.0022447373411140885,0.029992674329307304,0.9403397449765161,227,50,0.9403397449765161
occupation,female_emp_share,pooled,-0.02284019029232964,0.06652483801718848,0.7313477530508303,227,50,0.9395610627937288
occupation,female_emp_share,between,-0.14290091163976443,0.12851833121925185,0.2661765342433582,50,50,0.3992648013650373
occupation,female_emp_share,within,0.006388395273047234,0.03919017348136437,0.8705104587873347,227,50,0.9403397449765161
occupation,duncan,pooled,-0.013570918881524154,0.07128078183047634,0.849006052367562,227,50,0.9395610627937288
occupation,duncan,between,-0.26208860560639047,0.13176295360791046,0.04669107541953699,50,50,0.21010983938791644
occupation,duncan,within,-0.0064254719945955815,0.019157189468692753,0.7373174367922994,227,50,0.9403397449765161
household,family_index_acs,pooled,0.06527362987641165,0.09001110204662306,0.46834584350028974,223,50,0.8116998727253034
household,family_index_acs,between,0.3220802947871289,0.1453734451047853,0.026723204844815197,50,50,0.08831080526465247
household,family_index_acs,within,0.0407738347658293,0.027388254519311078,0.13655734090172994,223,50,0.22416809813365934
household,motherhood_emp_gap,pooled,0.07926186079664946,0.08159787687190412,0.33136326208933375,223,50,0.8116998727253034
household,motherhood_emp_gap,between,0.241868931449199,0.1382057068597355,0.08010714690938824,50,50,0.14419286443689883
household,motherhood_emp_gap,within,0.05403765640381396,0.02657609095843123,0.042020359099262626,223,50,0.22416809813365934
household,motherhood_hours_gap,pooled,-0.01750003816197256,0.07779645241751,0.8220209096047043,223,50,0.8220209096047043
household,motherhood_hours_gap,between,0.21793058110346247,0.13649762672480628,0.11035739867622033,50,50,0.1655360980143305
household,motherhood_hours_gap,within,-0.004864206866046219,0.031146013042576706,0.8758956317181283,223,50,0.8758956317181283
household,married_women_nilf,pooled,0.06656533233988719,0.09672702599185208,0.49134121015842125,223,50,0.8116998727253034
household,married_women_nilf,between,0.2242179639331014,0.16404399498367472,0.17168297322567638,50,50,0.19314334487888593
household,married_women_nilf,within,0.030878392441803692,0.016533954855577775,0.06182140379337753,223,50,0.22416809813365934
household,wife_earnings_share,pooled,0.12688010319704965,0.1020090813742124,0.21356882175147673,223,50,0.8116998727253034
household,wife_earnings_share,between,0.33872310655030546,0.15218401714860913,0.026031138424564837,50,50,0.08831080526465247
household,wife_earnings_share,within,0.039702633411397716,0.029228595207246525,0.17435296521506838,223,50,0.22416809813365934
household,wife_earns_more,pooled,0.03153182523102004,0.08625526890103397,0.7146904066392409,223,50,0.8116998727253034
household,wife_earns_more,between,0.27373438070233935,0.13832413790460896,0.047823404094402035,50,50,0.10760265921240458
household,wife_earns_more,within,0.040566162657778765,0.03373047470985214,0.22910941157009956,223,50,0.257748088016362
household,gender_emp_gap,pooled,0.04483885858261838,0.08480124200871247,0.59697723542895,223,50,0.8116998727253034
household,gender_emp_gap,between,0.2860777134723572,0.13137383475839906,0.02943693508821749,50,50,0.08831080526465247
household,gender_emp_gap,within,0.047216324973151494,0.03300420492859468,0.1525404614945709,223,50,0.22416809813365934
household,female_emp_share,pooled,0.022670135485054747,0.06360152810017429,0.7215109979780474,223,50,0.8116998727253034
household,female_emp_share,between,0.08942311647141052,0.11448010118706585,0.43472976319943213,50,50,0.43472976319943213
household,female_emp_share,within,0.06017062853468271,0.04092469368177501,0.14148679605821493,223,50,0.22416809813365934
household,duncan,pooled,-0.18849331231332933,0.08878587724728461,0.03375300723282313,223,50,0.3037770650954082
household,duncan,between,-0.21793417011387037,0.15894163841299405,0.17032556837463908,50,50,0.19314334487888593
household,duncan,within,0.030012418322123174,0.019402504939499392,0.12190372686623696,223,50,0.22416809813365934
