state,1995,2000,2005,2010,2015
alabama,0.0079117144704749,0.0090475372226329,0.0072823949606975,0.0064376630549159,0.0115201148665794
alaska,,-0.0181675009460926,0.0063041508757808,0.0090478584775598,-0.0009935401419592
arizona,,,,0.0147417600627432,0.0226305327523164
arkansas,,,,0.0060087535481825,0.0056501223526942
california,0.0140405804832593,0.0103994679787944,0.0179994914244717,0.0078089237522054,0.0041431351617329
colorado,0.0063811745532686,0.0059657072544523,0.0065866134629678,0.0022112070065008,0.0059405964410905
connecticut,0.0035985827263923,0.0223448985619404,0.0173941673536251,0.0140128787274705,0.0053516863004477
delaware,,0.0171029931938362,0.0099249065058883,0.0062907444929047,-0.0004266579784731
district_of_columbia,0.0387094336192685,0.0180262888566344,0.0302454111294838,0.0135889727530751,0.0053657811097652
florida,0.0177728478644162,0.0162668266836375,0.0116403696014325,0.0071697143600279,0.0096621055239724
georgia,,0.0150456318199018,0.0124420706596451,0.0097534331200105,0.0088211405618004
hawaii,,0.0017797326713872,-5.147485711307406e-05,0.0139154692173338,0.0192091862307178
idaho,,0.0056076035650209,0.0194575292662963,0.0081573953445898,0.006007776257891
illinois,0.0072288701381359,0.0099510194840673,0.0100071574105888,0.006882953505384,0.0021046504485424
indiana,0.0027673783236553,0.0095514915759458,0.0051677769074205,0.0001486907869728,-0.0036426650191802
iowa,-0.0051001573101804,0.0139022361319577,0.0194135734807022,0.009938066975536,0.005669554262402
kansas,,0.0025703569318951,0.0224559977545386,0.0057359264737811,0.0032405593648819
kentucky,,0.0198285719497344,0.0121489919417217,0.0110838545670731,-0.0041615020237109
louisiana,0.0046300084882097,0.0200751644730038,0.0209597939585307,0.0042509302462511,0.006561539570355
maine,,0.0008556391983667,0.0184299234046164,0.0123164155705659,0.0097968150300549
maryland,0.0179791394409755,0.0207416504164535,0.0119763037273666,0.0145767026364023,0.0057767877899927
massachusetts,0.0194664223900915,0.0193208553981955,0.020139035207818,0.0084844165505364,0.0060015134195303
michigan,-0.0116104196742249,0.0089550928558652,-0.0010987520156444,-0.0003286172772178,0.004124869857841
minnesota,0.0084849754018516,0.0117814625561087,0.0037039459755005,0.0028866969951341,-4.614768450568936e-05
mississippi,-0.0121343822877879,0.0169843638836821,0.0098342132105335,0.0031266418191136,0.0036289682288835
missouri,0.0271667298186088,0.0138662401480611,0.0038200283268053,0.0076104296516906,0.0136490548716469
montana,0.0142303966186764,0.0126443189885567,0.0094550037060722,0.0049358442287506,0.0027425506676136
nebraska,0.0021725412171188,0.0092972877419988,0.023810268419841,0.007394207753524,0.0026297717227788
nevada,0.0172976941434788,0.0043832197302012,0.0105039628229653,0.0072095194358079,0.0089733929602112
new_hampshire,0.0078360805854773,-0.0118158576057845,-0.0061482859087027,-0.0117327451400028,-0.0136624270454403
new_jersey,-0.0016997101213057,-0.001631042050583,0.0101534044484708,0.0054354818381292,0.0099826572896255
new_mexico,,,0.0073094375343895,0.0031499720401445,0.0037425124846822
new_york,0.0260529883661974,0.0138877429650633,0.0058422528482509,0.0034649727079569,0.0075619935439492
north_carolina,0.0109946567607921,0.0254690751340672,0.0107769816313572,0.0147011764628761,0.0063198137259924
north_dakota,,0.0381299009577538,0.0014152055950283,0.0094222495299278,0.0070258832487496
ohio,0.0063595892532657,0.0031427753576307,0.0081504155021464,0.0059937929391356,0.0051974838516375
oklahoma,0.0159623149207334,0.0083684471307623,0.0049818269603653,-0.0008582991741673,0.0001255630669939
oregon,-0.0051402776663605,0.0005621644740743,0.0028284535749145,-0.0042722796467441,-0.0044770081183029
pennsylvania,-0.0042084239695413,0.0191039480782308,0.0110365638398256,0.0099679556608125,0.0081832056754627
rhode_island,,0.0051675830594744,0.0091428904807727,0.0160475466818431,0.0130266963770236
south_carolina,-0.0316282781260796,0.0085243533554074,0.0092486035161743,0.0104955726830974,0.0027291846880161
south_dakota,,0.0257219794191676,0.004531419153136,0.0027878979207326,0.0065306052877801
tennessee,0.0256849312882198,0.0310327544438062,0.0094787012938262,0.0080519958496963,0.0114119528522244
texas,,0.0253567963796797,0.0126106011565456,0.0086037807519474,-0.0001575525150353
utah,0.0041152758773224,0.0196370186675713,-0.0034692058832435,0.0056148333076476,-0.0005323669248184
vermont,,0.0150225621451449,0.0102168524650126,0.0011491104010359,-0.0049697113002953
virginia,0.0273798463760353,0.0336124533847461,0.0123456714317761,0.0133007926598747,0.0128819144539272
washington,0.0142698685323365,0.0088569021399312,0.0044641496660508,0.0085705873083613,0.0069644660584865
west_virginia,,0.0004625232908034,0.0135924776312552,0.0001227134699365,0.0063723948599413
wisconsin,0.0313822093233082,0.0249418499908325,0.0118919542386625,0.0042171529399258,-0.004995746489041
wyoming,,-0.0068258968853167,0.0038430179867449,-0.0059221694977703,0.002336832631478
