unit_name,state,period,gap_occupation,resid_occupation,gap_family,resid_family
alabama_1995,alabama,1995,0.8112059273840221,-0.7534541688621876,3.268222436486928,-0.7961413294129596
alabama_2000,alabama,2000,0.561323131061559,-0.6145488565852215,-0.43012663682179914,-0.33281476522751813
alabama_2005,alabama,2005,0.6698691870492496,-0.5506287008864617,0.30047332556926243,-0.11445492168122035
alabama_2010,alabama,2010,-0.056533313942496555,0.2583097604199439,-0.44031549716213236,0.14952386983391736
alabama_2015,alabama,2015,-1.4761382940945103,1.1813251857587144,-0.19052300303293496,0.30173796709534106
alaska_2000,alaska,2000,3.106833391004762,-0.5009677588064478,1.9394403155336373,-0.8464873620055018
alaska_2005,alaska,2005,-1.1313058237827402,1.3461273036526724,0.5265432212135275,-0.5402084420004857
alaska_2010,alaska,2010,-1.2761240521933996,1.2228669379134747,0.20960273001114318,-0.372792292556898
alaska_2015,alaska,2015,-0.3794311874861065,1.307285917439718,-0.725752262786089,-0.08035057346519778
arizona_2010,arizona,2010,-1.0492936258924326,0.43970422197862236,-0.05168933798204178,-0.38808382410895004
arizona_2015,arizona,2015,-2.2378786734393596,0.8575033844635473,0.9153277417911716,-0.34601059884267893
arkansas_2010,arkansas,2010,0.5281450376001267,-0.2844612619641183,0.27434423939131825,0.5941533595236907
arkansas_2015,arkansas,2015,-0.11786880576767567,0.3965932492366734,-1.2257465703442427,0.9635451207164037
california_1995,california,1995,0.9856929130494886,-1.5267723796096417,1.7680613786394512,-1.74965393803517
california_2000,california,2000,1.1398759822622089,-1.3251943900617582,1.5103936655089247,-1.5088799815088987
california_2005,california,2005,-0.06510687076306787,-0.8627846886004761,1.6223567996972112,-0.974616945625303
california_2010,california,2010,0.4822423279190745,-0.4144472283256643,0.32826244740771926,-0.5834886806775418
california_2015,california,2015,0.21734179155210215,0.20862538554230173,-0.03499128695782405,-0.23516552781204825
colorado_1995,colorado,1995,0.971669319165169,-0.7643735680440996,1.7937245131788073,-1.6663197461820791
colorado_2000,colorado,2000,0.477425649592885,-0.22953596298477777,1.5175433060951211,-1.3617731136230522
colorado_2005,colorado,2005,-0.20926312099411234,0.39648611579809767,0.49420996062727574,-0.8163664335898614
colorado_2010,colorado,2010,-0.48720514467289244,1.1019346313943645,-0.11829278744308958,-0.5096042105531232
colorado_2015,colorado,2015,-1.4533184312754082,1.7036616123956951,-0.24470511574172787,-0.05516352516133605
connecticut_1995,connecticut,1995,2.0124195000466054,-1.5332459057624341,0.23262865300425273,-1.1914461593282148
connecticut_2000,connecticut,2000,-0.996036169944057,-0.3564307471092216,2.5873245694113276,-0.9612228714352652
connecticut_2005,connecticut,2005,-0.8606008751412344,-0.008146471547311893,0.22033505362839192,0.01904244040077361
connecticut_2010,connecticut,2010,-0.5276893714375728,-0.010683448196162716,-1.487329426284139,0.6606999545192812
connecticut_2015,connecticut,2015,-0.7232025748637696,1.0310862178327433,-1.0715237659258936,1.0051844732183595
delaware_2000,delaware,2000,-1.0198588737560483,0.17956119107629145,2.000715781862574,-0.13947716695163853
delaware_2005,delaware,2005,-0.6696387738464947,0.5306881978129342,-1.1520757990509347,0.8011451617515002
delaware_2010,delaware,2010,-0.27017110515976195,0.4863024783549629,-0.8611974355223823,1.2004281283664724
delaware_2015,delaware,2015,-0.228040481063302,1.1005070299521937,-3.076704019660961,1.5499392184624259
district_of_columbia_1995,district_of_columbia,1995,-4.693209124405244,1.7418176174138542,6.539250804718271,-0.08957346415358791
district_of_columbia_2000,district_of_columbia,2000,-2.81023225247192,1.8797224046521477,-0.9961001176894547,0.7872341246512657
district_of_columbia_2005,district_of_columbia,2005,-4.708323443577646,2.583923576818997,0.44387010279777517,1.2386556772678485
district_of_columbia_2010,district_of_columbia,2010,-3.5494109934629767,3.052456624393711,-0.7372212310169628,1.7798893588937976
district_of_columbia_2015,district_of_columbia,2015,-2.1430461905829072,2.449552676356196,-4.031678525140269,2.6439743020666806
florida_1995,florida,1995,0.8875634541323785,-1.793310420933143,0.2192795248229257,-0.4505237484087026
florida_2000,florida,2000,0.43818180730690337,-1.1967804261418404,0.8322274296087475,-0.3436561308686264
florida_2005,florida,2005,0.2710861181788982,-0.5776489188792814,-0.5945565462423594,0.2886338116426536
florida_2010,florida,2010,0.2275037988475268,-0.09725366391754453,-0.9148529428608044,0.639861497671665
florida_2015,florida,2015,-0.8410290250875053,0.7277558637053955,-0.8331901070626431,0.7321115155261139
georgia_2000,georgia,2000,-0.5327973665858001,-0.10648234157475459,0.5899219227390885,-0.6467143578085152
georgia_2005,georgia,2005,-0.6256842732667917,0.24078991403053002,0.6909850479238622,-0.24066602992442168
georgia_2010,georgia,2010,-0.8184153627182631,0.6962188840201587,-0.3527251015420283,0.12793712094462156
georgia_2015,georgia,2015,-1.3952067385059044,1.364101481838634,-0.2646723656452692,0.4167402366179062
hawaii_2000,hawaii,2000,2.139496050796761,-1.4826086340196232,1.9642204011237998,0.17649656157950563
hawaii_2005,hawaii,2005,1.9686350847065137,-1.1328264375771742,-0.5560537752864732,0.3818077482614062
hawaii_2010,hawaii,2010,-0.6729706330283962,0.1441153744195094,-0.3786756212786453,0.5396208824767821
hawaii_2015,hawaii,2015,-1.4826691640247027,0.4365823265642622,0.765479750593952,0.5471387219918334
idaho_2000,idaho,2000,2.490849833782953,-2.2079710202137948,2.054138938971568,-1.7885022460137856
idaho_2005,idaho,2005,0.45651859177908705,-1.5268702057782613,2.0871735017943194,-1.344461140376732
idaho_2010,idaho,2010,0.9538024473849005,-0.9200553544110736,1.115177695702672,-1.269612539278955
idaho_2015,idaho,2015,-0.14155922650557062,0.38533848994328623,0.695920492574803,-1.247405061653917
illinois_1995,illinois,1995,0.8544976086039717,-0.7300273890777851,1.6522332947680232,-1.522645319520346
illinois_2000,illinois,2000,0.4397758451619918,-0.5812778339170659,1.0377063975123677,-1.205772756668633
illinois_2005,illinois,2005,0.12419679470888811,-0.27118383457167267,-0.3446314279644687,-0.42915716827207834
illinois_2010,illinois,2010,-0.07279929475905594,0.23106788425041466,-0.33136233554245476,0.03478706575421213
illinois_2015,illinois,2015,-0.232677267465352,0.8578180429977795,-0.43463717342487174,0.3804666655654357
indiana_1995,indiana,1995,1.7714064305781851,-1.2110186035556472,-0.32709710071463727,-1.1296077521619137
indiana_2000,indiana,2000,0.7859275969649477,-0.8883930353735494,1.3401045233371232,-0.9026056609888442
indiana_2005,indiana,2005,0.8928146233043253,-0.566961801877079,-0.1595314122181795,-0.18354316683685618
indiana_2010,indiana,2010,0.795575854928902,0.0206752692235546,-0.78517630230132,0.04113547756601782
indiana_2015,indiana,2015,0.44968976740257693,0.7370021915445129,-1.0321925238520655,0.18462224440174496
iowa_1995,iowa,1995,1.8320959227415443,-0.5029972131253069,-3.457007181850825,0.9014733835231018
iowa_2000,iowa,2000,-0.5976942660372897,0.0701319684281791,-1.3708966959757967,0.8914122480210687
iowa_2005,iowa,2005,-1.9518493919877775,0.885792552402312,-0.6879651752317689,1.176981804581545
iowa_2010,iowa,2010,-0.8349462123397489,0.6947097703490361,-1.8314681700251647,1.374904690540563
iowa_2015,iowa,2015,-1.055688072954964,1.33251388880317,-1.8882172493756055,1.37098579343195
kansas_2000,kansas,2000,0.8540707177505367,-0.2744325822453177,-1.4677058629836734,-0.2057912848819961
kansas_2005,kansas,2005,-1.9548808908903201,0.5915588392215312,0.17865210040546226,-0.14451188134192403
kansas_2010,kansas,2010,-0.13197965280479584,0.40232045942476274,-0.6273584770841693,0.0862820769121275
kansas_2015,kansas,2015,-0.16424841001404356,0.6784032826838131,-1.2980258948618937,0.46928428118965304
kentucky_2000,kentucky,2000,-0.11119105647172156,-0.9954139107933696,0.2903461819093991,-0.05255797919489391
kentucky_2005,kentucky,2005,0.1733703825221558,-0.5296289896741923,-0.25521649825678105,0.43886583243154986
kentucky_2010,kentucky,2010,-0.355357615078322,0.10317005754801784,-1.2131150978895495,0.9436903726992918
kentucky_2015,kentucky,2015,0.9111957233281649,0.3261900831256084,-2.2127249154649276,1.2051823274805198
louisiana_1995,louisiana,1995,2.137836908196127,-1.7594405133550273,2.820565010579751,-0.6280807887809998
louisiana_2000,louisiana,2000,-0.003428848513307603,-1.1272698585231293,0.9592726124932607,-0.2973357996513334
louisiana_2005,louisiana,2005,-0.8450042191986025,-0.3721287086964263,1.318975333259398,0.04124002076082109
louisiana_2010,louisiana,2010,0.22649228100616664,0.1889425949439144,-1.0322982866872366,0.4383712539733133
louisiana_2015,louisiana,2015,-0.8885690098572332,1.0782418917691399,0.1705052676291845,0.7208492446502808
maine_2000,maine,2000,1.476606477223921,-0.729428943908939,-1.0706844745894806,0.3697788296949704
maine_2005,maine,2005,-1.1438317187111136,0.1738840743480192,1.3243916821835038,0.8218167116457845
maine_2010,maine,2010,-1.213430935845559,0.8408139197220569,-1.3547199863942063,1.5765197149790229
maine_2015,maine,2015,-1.328450212273686,1.202015030643572,-2.2903091996510985,1.6873642326985652
maryland_1995,maryland,1995,-1.3885693349844423,0.46266630060814007,-0.7199350935329338,-0.20957822158923542
maryland_2000,maryland,2000,-1.8690586784502772,0.6732398344776783,0.4575256954250708,-0.10355838937345377
maryland_2005,maryland,2005,-1.2165487821785108,0.877162969234045,-0.46239031892135984,0.4709990836553696
maryland_2010,maryland,2010,-1.806209080994767,1.212746892232736,-0.903401581331109,0.8997172897668709
maryland_2015,maryland,2015,-1.4552212292630509,1.7215696118368053,-1.5629435058637604,1.2023486280530093
massachusetts_1995,massachusetts,1995,-1.0834373521275127,0.012216820418932142,0.8129724709287685,-1.0509099703801672
massachusetts_2000,massachusetts,2000,-1.5467344052085827,0.48973674277251567,0.7046060118322133,-0.7570105181941754
massachusetts_2005,massachusetts,2005,-2.1889822097934886,1.0520429045295994,0.017539662242241412,0.015086211085354354
massachusetts_2010,massachusetts,2010,-1.2548428789970594,1.2566378116566779,-0.9573224768968905,0.6952304698551728
massachusetts_2015,massachusetts,2015,-1.3170506104559423,1.5614417951137016,-1.1593354802701408,1.109228826768543
michigan_1995,michigan,1995,3.0028903187875344,-1.037695408188306,1.6021459422213238,-1.3167691270985218
michigan_2000,michigan,2000,0.4539851837851186,-0.4981784760188453,0.8373580212342893,-0.7604876979101173
michigan_2005,michigan,2005,1.111519552948605,-0.17338491883643353,-0.1884517028931907,0.1227340146962973
michigan_2010,michigan,2010,0.6497765978924035,0.21311071837529155,-0.43416265604144083,0.3209223826407799
michigan_2015,michigan,2015,-0.41636239004017445,0.8441142095599904,-0.5486177265969963,0.314132685277797
minnesota_1995,minnesota,1995,-0.20006036066775865,0.20180068981393412,-0.4709582536545319,0.06121844704625333
minnesota_2000,minnesota,2000,-0.5082109159952889,0.1878623893999451,-0.1143352888309973,0.24367557667941664
minnesota_2005,minnesota,2005,0.057106349443762916,0.41177255028998544,-1.338553072699646,0.8694769392355145
minnesota_2010,minnesota,2010,-0.610031300522754,1.1587608948367027,-1.1779136547183429,1.2795892022020254
minnesota_2015,minnesota,2015,-0.811421703386827,1.6467098501018895,-2.16676037011678,1.5514358749054165
mississippi_1995,mississippi,1995,3.8741058084287854,-1.8577162440187869,,
mississippi_2000,mississippi,2000,-0.25040839220160915,-0.5782984129843292,-0.9544236356482465,0.5053212491385546
mississippi_2005,mississippi,2005,-0.0025093390550353922,-0.1275798950841599,-0.7677297642767229,0.8447519644098924
mississippi_2010,mississippi,2010,1.061297323663736,-0.5360119444127378,-1.3720176535366715,1.1148893827757562
mississippi_2015,mississippi,2015,0.8166249953680362,-0.3404202680232929,-1.944878945586987,1.4147484737228533
missouri_1995,missouri,1995,-1.166167226026452,-0.6574248734906476,0.2647490822298002,-0.3681600000833437
missouri_2000,missouri,2000,-0.106053005154502,-0.41799224393537693,0.25296575639664176,-0.10228207674736005
missouri_2005,missouri,2005,0.43735042713150096,0.020186450032778663,-0.5918928528470433,0.5187082352714395
missouri_2010,missouri,2010,-0.25707156529221387,0.34426086686929963,-1.2570133485229753,0.9560848584925474
missouri_2015,missouri,2015,-1.2720584854316441,0.7692336912960087,-1.3799329180838988,1.091639819308516
montana_1995,montana,1995,0.6353885770198648,-1.1950143502989197,1.082639677016816,0.05963263915332609
montana_2000,montana,2000,-0.2540224347744636,-0.15063293968391014,-0.22189646154153464,0.1414274141183292
montana_2005,montana,2005,0.3137148123924932,-0.40675274019775753,0.25785991629069543,0.22750345591227145
montana_2010,montana,2010,0.05131614107018867,0.2971980552043345,-0.637775322127549,0.41517053089982875
montana_2015,montana,2015,-1.2075413829426715,1.7703550381122686,-0.9106260258305934,0.5560882934041923
nebraska_1995,nebraska,1995,0.4475733600455998,0.17093403305791524,,
nebraska_2000,nebraska,2000,0.041829980336289985,-0.11945800298388648,0.39852584213281583,0.16519561567209243
nebraska_2005,nebraska,2005,-1.4432123654187963,-0.05243099330809889,1.0341908482474191,0.30183113248243093
nebraska_2010,nebraska,2010,-0.1633926243188062,0.2717082523482194,-0.7150342247308832,0.6946223540911917
nebraska_2015,nebraska,2015,-0.42678738887253176,1.0006203016924025,-1.386534550097486,1.0153930767022394
nevada_1995,nevada,1995,1.4262135873197206,-2.2855348557583928,1.4683620802286366,-1.3261930877968269
nevada_2000,nevada,2000,2.5062398371669583,-2.10373052910726,0.025542440271842937,-1.060033632438296
nevada_2005,nevada,2005,1.0960507165883024,-1.2915789699643554,-0.6872435359239399,-0.3463850682487032
nevada_2010,nevada,2010,0.725971826736219,-0.5996109140937036,-0.3545783517483533,0.01710910832578589
nevada_2015,nevada,2015,-0.4286197790261417,0.3826384441297454,0.07327028787837353,0.09552746935959534
new_hampshire_1995,new_hampshire,1995,0.13928908019486078,-0.07414738495123364,1.0675892923589083,-1.0422447236723973
new_hampshire_2000,new_hampshire,2000,2.012319520553882,-0.027051949208354686,0.7710557117414374,-0.6101626016096029
new_hampshire_2005,new_hampshire,2005,1.4518223281266924,-0.020314440142493007,-0.22065565317675856,0.14603680466616248
new_hampshire_2010,new_hampshire,2010,0.7282852255916583,1.248861701641268,-1.421857292869829,0.6591320750174825
new_hampshire_2015,new_hampshire,2015,0.44164050238911323,1.7240492608335825,-1.5962014956777661,0.9852833934964796
new_jersey_1995,new_jersey,1995,2.1859610060801455,-1.189108743309518,1.5931077573212593,-1.6188397329031485
new_jersey_2000,new_jersey,2000,2.0134271133955113,-1.0232841806753554,0.9073496017342728,-1.2615595618531217
new_jersey_2005,new_jersey,2005,0.5202620773474732,-0.6815384315266108,-0.1329535154265672,-0.5383221287703647
new_jersey_2010,new_jersey,2010,0.6600471560119747,-0.3603508978514705,0.025680394106639345,-0.11074562869271547
new_jersey_2015,new_jersey,2015,-0.14087885261209376,-0.003714361472723632,-0.347531624722373,0.3519756054735021
new_mexico_2005,new_mexico,2005,0.18953561388147827,-0.07293736814286846,-0.01472655269221751,-0.24663259350949668
new_mexico_2010,new_mexico,2010,0.5219509137456855,0.0010549467799520415,-1.227023287213448,0.08375985941103993
new_mexico_2015,new_mexico,2015,-0.4691662954354663,0.9342769891271443,-0.2040148559835112,0.3886255052218046
new_york_1995,new_york,1995,-0.07477764167815937,-1.6399944645512887,1.8627181525403047,-1.33023251160189
new_york_2000,new_york,2000,0.8257022221068309,-1.3518484403191025,1.0207820635915015,-0.9548045968215484
new_york_2005,new_york,2005,0.9888058770205523,-0.7288538687442695,-0.1856227475081061,-0.2191827906223297
new_york_2010,new_york,2010,0.7458114953617995,-0.2535833081307436,-0.22552241846193719,0.25290564944428234
new_york_2015,new_york,2015,-0.2568620141900961,0.34878384763791986,-0.7693383436226051,0.7976586126515692
north_carolina_1995,north_carolina,1995,0.7142145944634783,-0.9576869293900483,-1.3143343670311372,-0.33876125314897687
north_carolina_2000,north_carolina,2000,-1.4774583589559789,-0.18026151682680364,0.4112059998421935,-0.2826822339650943
north_carolina_2005,north_carolina,2005,-0.5086494663110104,0.2864454482570035,-0.23384396135318142,0.14716919737835957
north_carolina_2010,north_carolina,2010,-1.5403179689787,0.9346938543657097,-0.28676950268342155,0.3258136703907148
north_carolina_2015,north_carolina,2015,-1.4677964956306502,1.6810876102158911,-0.7630163531550345,0.4015406489658988
north_dakota_2000,north_dakota,2000,-3.118421645545343,0.22365435793580368,2.2605297340798653,0.8276886092975211
north_dakota_2005,north_dakota,2005,0.6168365549303503,0.07566759669728308,-0.8793058301358061,0.9831892129186592
north_dakota_2010,north_dakota,2010,-0.9120693772378893,0.822231751639622,-0.64143407555842,0.8106981963734643
north_dakota_2015,north_dakota,2015,-1.7165962114955398,1.8608996085448153,-1.3455274410600433,1.0066221328276752
ohio_1995,ohio,1995,1.3947918407484696,-1.185387061363846,0.41895329840714235,-0.6134819632249146
ohio_2000,ohio,2000,1.4589093200948817,-0.9352002955259651,0.4095476603392605,-0.33572515751986937
ohio_2005,ohio,2005,0.2525073494097214,-0.21807827911863178,-0.2750472339415807,0.27924238421984565
ohio_2010,ohio,2010,0.019770588915037357,0.22537493834432828,-1.0416667440102423,0.6284813806856764
ohio_2015,ohio,2015,-0.4444790681005996,0.7674293222728592,-1.125647968790671,0.7152971824496409
oklahoma_1995,oklahoma,1995,1.3173461344305106,-2.046191916174318,0.054165676541175656,-0.9169951901557987
oklahoma_2000,oklahoma,2000,1.7208336878011925,-1.7077077667384157,-1.3035225223517575,-0.6413318194982849
oklahoma_2005,oklahoma,2005,1.3313585720472618,-0.9873371963774,-0.2922350069439893,-0.426793937739058
oklahoma_2010,oklahoma,2010,1.3236885064490014,-0.4090477241090536,-0.5324628827486038,-0.19706294396630764
oklahoma_2015,oklahoma,2015,0.21010544455575397,0.6084054126141039,-0.2932344168626786,0.08343819198354033
oregon_1995,oregon,1995,2.8804384114829418,-1.5474196745742261,2.4943718908784396,-1.1742100487306992
oregon_2000,oregon,2000,1.574034746904276,-0.7981827690326612,0.052826025195145676,-0.9242146223043666
oregon_2005,oregon,2005,0.8009522359167593,-0.24653186967039856,-0.737144814927136,-0.39607259896677666
oregon_2010,oregon,2010,1.0259067045197123,0.22230281705106095,-1.667979131198489,0.19275136221072528
oregon_2015,oregon,2015,0.07256260788535074,1.1956502554417912,-1.4651906984696952,0.5744068127088651
pennsylvania_1995,pennsylvania,1995,2.5666804857507044,-1.3247100911779812,-1.589355423241416,-0.7976908098899265
pennsylvania_2000,pennsylvania,2000,-0.30010521841772564,-0.7356991472693558,0.2718198593113682,-0.5907088970475678
pennsylvania_2005,pennsylvania,2005,0.05997896350994186,-0.3075459005088841,-0.3555307820368597,0.13462292267943418
pennsylvania_2010,pennsylvania,2010,-0.288364987126027,0.14520822056256585,-0.5576014458030407,0.6359015775636793
pennsylvania_2015,pennsylvania,2015,-0.6785841609245798,0.7098094118440774,-1.1837698185276242,0.9093252535076055
rhode_island_2000,rhode_island,2000,1.2157414512077518,-0.8898696895389013,-0.14063771853539886,-0.09692576575672197
rhode_island_2005,rhode_island,2005,0.7231856271136876,-0.7857280040812401,-0.2675333923536096,0.8352007759086346
rhode_island_2010,rhode_island,2010,-0.5372046245508018,-0.19996887064191277,-0.26205644978416986,1.1761577301241877
rhode_island_2015,rhode_island,2015,-1.4682059794440367,1.0261897751842528,-1.7732293312015677,1.3630508614636467
south_carolina_1995,south_carolina,1995,5.538045950808723,-1.6169723058339618,-0.6816234135112049,-0.18076098290990894
south_carolina_2000,south_carolina,2000,0.6138059412431509,-0.6159131016847481,0.36962795739117116,-0.03723625643825815
south_carolina_2005,south_carolina,2005,-0.028887059336778674,-0.04398418864290358,0.11252576821646121,0.3146043158629318
south_carolina_2010,south_carolina,2010,-0.9057586840141831,0.7110502034517671,-0.9582075363363363,0.44656605325710946
south_carolina_2015,south_carolina,2015,-0.7826492815001991,1.3467688823243587,-0.5471829304913868,0.39452304435386987
south_dakota_2000,south_dakota,2000,-1.0128593919461597,-0.6695709249784667,1.7987510207500577,0.9911670238658001
south_dakota_2005,south_dakota,2005,0.2667065729206891,0.12132265973723524,0.40200410584082924,1.633253380975517
south_dakota_2010,south_dakota,2010,-0.9195627556340923,1.4779456807008104,-0.5288740760749391,1.749300699182062
south_dakota_2015,south_dakota,2015,-1.2437357615454065,1.4364311298834676,-1.8495274803846509,1.733317786009087
tennessee_1995,tennessee,1995,0.17313327344397056,-1.8519437400412786,2.553396245575396,-0.8302236940866276
tennessee_2000,tennessee,2000,-1.144413714561415,-1.0569148630700622,1.1439456779025674,-0.4218255706957281
tennessee_2005,tennessee,2005,0.5197327270064537,-0.615086067724419,-0.8321129435899045,0.20706732804628006
tennessee_2010,tennessee,2010,0.18212327191902716,-0.13807794293898945,-0.8794435227698967,0.367178668991182
tennessee_2015,tennessee,2015,-0.8976071012317546,0.613362145540907,-0.9672510429993139,0.34495784470324614
texas_2000,texas,2000,-0.7259509506943858,-0.920798539392202,2.003206867272955,-1.5842914679540465
texas_2005,texas,2005,0.408664811774738,-0.8100257283989548,1.0463178528406616,-1.1657416155988347
texas_2010,texas,2010,0.24435945325604327,-0.2542272018840859,1.2005620820602587,-1.0285688410480622
texas_2015,texas,2015,0.28946291755875875,0.5567102266431047,0.16455757139697946,-0.6621259944639943
utah_1995,utah,1995,2.993845705449162,-2.5651564898277863,2.8368052470113234,-3.7001478305853848
utah_2000,utah,2000,1.1984089639811,-2.286297893664862,3.1935482687826076,-3.7137579097009032
utah_2005,utah,2005,3.4309598108060806,-2.2612159702642494,2.4959144851633956,-3.4314776693066857
utah_2010,utah,2010,1.5694307410597468,-1.2872583217281428,3.1825728839750833,-3.3777224192480784
utah_2015,utah,2015,1.5323581866618246,-0.6495631662889683,2.9866281913353956,-3.063762544398837
vermont_2000,vermont,2000,-0.3198218355828272,-0.31720381096696615,0.6634150687977519,0.6635608179680588
vermont_2005,vermont,2005,-0.2693747892182483,0.10189913921578973,-1.1892134500094478,1.1407539803683089
vermont_2010,vermont,2010,0.37408647118905297,0.3444169616554504,-2.3987163456221356,1.6843396301654745
vermont_2015,vermont,2015,0.515238592573911,0.8011146689050024,-2.9040234898499477,2.447215904304921
virginia_1995,virginia,1995,-1.8726288449108424,0.028213831513302923,0.6751874332579404,-0.9902882099196381
virginia_2000,virginia,2000,-2.9271520811376766,0.4737696531000408,2.716900815718254,-0.9703499076415434
virginia_2005,virginia,2005,-1.0821701443796672,0.7066946348296831,-0.1695658882664094,-0.33954205149103944
virginia_2010,virginia,2010,-1.5238321572235758,1.0550349118204934,0.1745958939079787,-0.033871267184839945
virginia_2015,virginia,2015,-1.9298460259992316,1.501975984536398,0.26047794427765775,0.24651739802340883
washington_1995,washington,1995,0.20147433731395026,-0.764956780711768,4.898967321662399,-1.8868562289256725
washington_2000,washington,2000,0.30257569643088206,-0.3371750986053739,2.042340885728668,-1.454126332795981
washington_2005,washington,2005,0.24117787860926782,0.1534240331181352,0.4263447411084387,-0.9917921508394264
washington_2010,washington,2010,-0.696914814628871,0.6902902875765476,0.9620940805363782,-0.8806356841021965
washington_2015,washington,2015,-1.1925131152793222,1.3428173828337826,1.1413431595165757,-0.5844567746058353
west_virginia_2000,west_virginia,2000,2.2404528390322183,-1.454865250735728,-0.24221703717441045,-0.5977484218859866
west_virginia_2005,west_virginia,2005,0.4432838550563979,-0.9405806741792253,0.8597164137137345,-0.22104493414191945
west_virginia_2010,west_virginia,2010,1.3706598651538469,-0.5518705832813908,0.15442647053736308,0.3973408088818119
west_virginia_2015,west_virginia,2015,0.2737026283112798,-0.06554904239661814,-0.3448149513413754,0.7687449230616037
wisconsin_1995,wisconsin,1995,-1.8269362456259677,-0.4085364123568428,,
wisconsin_2000,wisconsin,2000,-1.6317324130501176,0.025525962060549495,1.1258239363902662,0.11865967466400652
wisconsin_2005,wisconsin,2005,-0.38685345557468276,0.055709152160748995,-0.03315566267880765,0.7965887158849525
wisconsin_2010,wisconsin,2010,0.10021326934315777,0.318521875479592,-1.2310392863113757,1.169909896790397
wisconsin_2015,wisconsin,2015,-0.061529386090620974,1.3804264597428317,-1.4302269290734588,1.2315477680925557
wyoming_2000,wyoming,2000,1.668917286930546,-0.17120227181902067,,
wyoming_2005,wyoming,2005,-0.8577563466381909,1.3130469801748348,1.1207555341350393,-0.958523102108456
wyoming_2010,wyoming,2010,0.6751969539381946,0.7342178474803426,-0.07143867012081828,-0.5271188667202509
wyoming_2015,wyoming,2015,0.5213847460961635,0.0810702763524943,-0.6627596835179566,-0.1420521863818116
