state,first_window,last_window,criteria,text_occupation_first,text_occupation_last,survey_occupation_first,survey_occupation_last,text_household_first,text_household_last,survey_household_first,survey_household_last,tokens_first,tokens_last,log_real_gdp_pc_first,log_real_gdp_pc_last,ba_share_first,ba_share_last,metro_share_first,metro_share_last,unemployment_rate_first,unemployment_rate_last,manufacturing_share_first,manufacturing_share_last,women_lfp_first,women_lfp_last,duncan_first,duncan_last,gender_wage_gap_first,gender_wage_gap_last,female_share_professionals_first,female_share_professionals_last,pfl_share_first,pfl_share_last,universal_prek_first,universal_prek_last,abortion_restrictions_first,abortion_restrictions_last,gop_two_party_share_first,gop_two_party_share_last,citizen_ideology_first,citizen_ideology_last
alabama,1995–04,2015–24,"largest move toward less traditional; similar baseline, divergent final; similar socioeconomic structure, divergent change",-0.0079117144704749,-0.0115201148665794,-0.7474359876457334,1.0160648086474318,0.0351318917419463,-0.0034411308592805,,0.3753505137339384,280598.0,4740228.0,10.547329395836195,10.723262460184518,0.2222814002935911,0.2787973317765476,0.7145647821946626,0.8619279540812982,0.053854005734676,0.043728686673655,0.1787215510897423,0.1516869057200052,0.6634411333750698,0.6723471324036012,0.5664070633848305,0.5343327026270284,0.3610786091642357,0.2990287655132426,0.5853608564728149,0.5997020761156998,0.0,0.0,0.0,,1.6566666666666667,,0.5807952814243409,0.6424204345233647,35.250144958496094,
arizona,2010–19,2015–24,largest text-survey discrepancy,-0.0147417600627432,-0.0226305327523164,-0.1653989608777456,0.7859805131907254,-0.0124434529545144,0.0040435737488781,-0.5852109317098197,0.18161824802807244,2747588.0,6741907.0,10.752681097650571,10.856054992112234,0.2814962467202214,0.3140954386505182,0.9523626797223166,0.9631602670029156,0.0638494258685213,0.0442261978935438,0.0796791374944003,0.0791827018648426,0.6879877886819722,0.7045246058618759,0.4786433478817887,0.4642300381782997,0.2353778060062769,0.227725564359043,0.5469837168454296,0.5447114076235298,0.0,0.0,,,,,0.5325125033491995,0.5150881590929136,43.81486129760742,
california,1995–04,2015–24,strongest alignment (I.7),-0.0140405804832593,-0.0041431351617329,-1.5831570571607354,1.0729770948509423,-0.0049574670185799,-0.0096721754646313,,0.5648812632115912,3091784.0,27456112.0,10.831544569361776,11.222673386501167,0.2971915783069681,0.3624491325475037,0.9606532405258474,0.9747136533458872,0.062677308298597,0.0536092293533795,0.1362994849693135,0.095538661135074,0.6748661751349395,0.721249261525621,0.4882666007454062,0.4449996801306511,0.2638919213131939,0.2022201961083993,0.5137507792773832,0.5270442048306783,0.1,1.0,0.0,,1.3066666666666666,,0.4384647477237893,0.3618757517493474,54.46758270263672,
colorado,1995–04,2015–24,little change,-0.0063811745532686,-0.0059405964410905,-0.7427717427910011,1.6225254014101338,-0.003176613687757,-0.0101576222759009,,1.3334989680640679,1042502.0,9518972.0,10.874024162014445,11.11158833086173,0.3553823810464712,0.4452281463408105,0.8630243641492,0.9202877524536278,0.0477638252877543,0.0369760672526415,0.1072583878873909,0.0750502281715937,0.7324149261620151,0.7673645030584612,0.507091253873323,0.4618186466915351,0.2951708980396231,0.2333796569977476,0.5168652599543254,0.5362028799569595,0.0,0.1,0.0,,1.3066666666666666,,0.5253711904391637,0.4491060180131698,46.24497222900391,
connecticut,1995–04,2015–24,"similar socioeconomic structure, divergent change",-0.0035985827263923,-0.0053516863004477,-1.4833123003043043,0.9431114252696288,-0.0209238614183327,-0.006342101920094,,0.8166965295503612,381714.0,3423751.0,11.108516888730904,11.238878873002353,0.3636165776043977,0.428690679825039,1.0,0.9479740106820246,0.048370516728658,0.0491482979540783,0.1611072292394517,0.1145764706282457,0.7449493861270118,0.782939229807313,0.5299510338278417,0.4762978413282416,0.3518018283181015,0.2746312153188194,0.5450601564208281,0.570315594876535,0.0,0.3,0.0,,1.3066666666666666,,0.4170196250274953,0.4176172363613311,65.09741973876953,
delaware,2000–09,2015–24,"similar baseline, divergent final",-0.0171029931938362,0.0004266579784731,-0.5558139371313007,1.1634883890826306,0.0251516388056497,-0.0302032709716236,-0.05893416148291049,0.3780649878710631,208382.0,1253324.0,11.277714250848556,11.261337453737967,0.2891751644584844,0.3474334360156125,0.7964768309302162,0.9304779361477292,0.0483949710898081,0.0419750265453822,0.1268462523101661,0.0845545622301074,0.7422717115813483,0.7565526708013328,0.5172726302163076,0.4949781281244376,0.26507998271769,0.1880908690625989,0.5647259693535589,0.6022240107291771,0.0,0.0,0.0,,1.19,,0.4226343010657713,0.4229846624994537,64.12803649902344,
district_of_columbia,1995–04,2015–24,"largest text-survey discrepancy; similar baseline, divergent final",-0.0387094336192685,-0.0053657811097652,1.4342597285390568,1.7582486435269455,0.1001198665439724,-0.027931229060721,,0.8654468645865764,387190.0,1900170.0,12.02469656738144,12.231699634299092,0.4612895617106115,0.6483147909799509,,,0.0782472424322996,0.0569880020464314,0.0322023749688596,0.0239536912130535,0.7604792457325686,0.8297919334125858,0.3565326994126043,0.2744561574093043,0.2148255810796292,0.1440918419941917,0.5277334211372767,0.532083966921992,0.0,0.5,0.0,,0.0,,0.0962282622197373,0.0550770408349947,,
florida,1995–04,2015–24,"similar baseline, divergent final",-0.0177728478644162,-0.0096621055239724,-1.887696280723045,0.950013648501424,-0.0090364019102265,-0.0069096901176918,,0.11579959448774979,1457668.0,9769752.0,10.67993880016277,10.850577637027202,0.2575190407921687,0.3281428828017326,0.936241764630847,0.9947411395599955,0.0529263627578371,0.0444763447700312,0.078547751181892,0.0557307953229234,0.6936174665420257,0.7276975371841117,0.519274683028457,0.4733500955072727,0.3152140136176498,0.2434344861870567,0.5585871228630311,0.575253031696663,0.0,0.0,0.3,,1.3066666666666666,,0.4979110926286531,0.5297488652280311,45.06198120117188,
georgia,2000–09,2015–24,"similar baseline, divergent final",-0.0150456318199018,-0.0088211405618004,-1.3163022337344517,1.259792811803356,-0.0061861205415921,-0.0027736554472421,-0.7821194641965169,0.4086518051803937,828331.0,8151369.0,10.846254508542462,10.967921304466476,0.277771764868993,0.3466956157921448,0.7485199509973093,0.9579024061542468,0.0553289494440513,0.0437965866183887,0.1387703318181808,0.110192098032349,0.7099554278473215,0.7276813927956627,0.5291894181295206,0.4806994893274681,0.3095814535819999,0.2587948303208066,0.580916007522523,0.5862793724676301,0.0,0.0,1.0,,0.5833333333333333,,0.5565544061004134,0.5121540302926424,40.59976959228516,
hawaii,2000–09,2015–24,"similar baseline, divergent final; weakest alignment (I.7)",-0.0017797326713872,-0.0192091862307178,-0.7984957740874857,1.3923882739246316,0.0297178971078663,0.0161880060253508,0.09596412030459159,1.06327677501304,341418.0,2084277.0,10.896774493317018,11.000500394426847,0.3066212315412895,0.3511978236297773,0.7005801592877681,0.8336998016912165,0.0423979084806273,0.0375334476117918,0.0367241273877661,0.0279635858249065,0.739789012871683,0.7669927444183218,0.5087936802669809,0.49148774210465,0.251853537053623,0.1932430989703509,0.5539800405693162,0.560779875285985,0.0,0.0,0.0,,0.0,,0.3759150994606166,0.3524855735744605,77.44780731201172,
idaho,2000–09,2015–24,little change; weakest alignment (I.7),-0.0056076035650209,-0.006007776257891,-1.212366388955919,0.6826903019032998,-0.0009181107141385,-0.0142686503039376,-1.2415268177753922,0.421004435152532,425350.0,3331167.0,10.582635793044702,10.718427265625111,0.2489916421983442,0.3025127499732657,0.3938095113255033,0.9145380066189814,0.049458348575075,0.0293464488225072,0.1348899165053713,0.1098574204987578,0.6957658005772043,0.7035591860794568,0.549528640714327,0.5147248142411791,0.3156724427914039,0.2870276571172098,0.5417836336489444,0.5656797929151601,0.0,0.0,0.0,,4.76,,0.6773193948137628,0.6764941339867,24.974267959594727,
indiana,1995–04,2015–24,"similar baseline, divergent final",-0.0027673783236553,0.0036426650191802,-1.1526218450700625,0.9351122674370483,-0.0290585961758652,-0.019106248077897,,0.2852891667437249,405505.0,8674112.0,10.716443660473406,10.919020750455084,0.2243243345901693,0.2982981763545153,0.7276458771555668,0.8909715352039219,0.0490520350198821,0.0373595466460427,0.2471663332049979,0.2006559588431065,0.7222001103537796,0.7363437347146319,0.5356887264999518,0.5050691910833646,0.3433841490007838,0.2651073316987161,0.5704701393385097,0.5969999472447848,0.0,0.0,0.0,,2.053333333333333,,0.5719222171242868,0.5932160445503218,42.43538284301758,
iowa,1995–04,2015–24,little change,0.0051001573101804,-0.005669554262402,-0.36449481780856996,1.078816194605163,-0.0470118180784433,-0.0137090056535844,,0.3938977141314415,328869.0,7171058.0,10.699553523380548,11.012991734554166,0.2519413342464811,0.3217543187372076,0.5663978812807007,0.8402443139802677,0.0402151417053024,0.0283477705903391,0.189689014470417,0.167827508552025,0.7788686803074591,0.7938263925513973,0.5546901422123011,0.5285824322567176,0.3178555134089963,0.2478563161377251,0.6002631332574024,0.6130963506136805,0.0,0.0,0.0,,0.4666666666666666,,0.4814683705048734,0.553232032615185,44.62433624267578,
kansas,2000–09,2015–24,"largest move toward less traditional; little change; similar baseline, divergent final; similar socioeconomic structure, divergent change",-0.0025703569318951,-0.0032405593648819,-0.5887128197559623,0.816072681196481,-0.0326006581089996,-0.0187986158333673,-0.014670816257697528,0.5276474802841276,340415.0,2038576.0,10.765518836485125,10.96285466854729,0.3083522663170618,0.3600521330997949,0.5983136975074523,0.7561455916908036,0.0415330675916336,0.0311897928433094,0.1561210396801124,0.1354023089949114,0.7616545607931371,0.7612010245307606,0.5398131156200061,0.5178725584425303,0.3316774988211927,0.2761733369095407,0.5783164505116194,0.5851114579541469,0.0,0.0,0.0,,3.43,,0.6046542735450658,0.5893687851517107,36.04734802246094,
kentucky,2000–09,2015–24,largest move toward less traditional; weakest alignment (I.7),-0.0198285719497344,0.0041615020237109,-1.0903590437483233,0.9666571139495309,-0.0013731134031913,-0.0217199563946186,-0.8696439373964914,0.7159202731582137,689507.0,4895970.0,10.643864982585267,10.760682022990837,0.2080908808363963,0.275024090880978,0.573076379153544,0.7595377130193866,0.0569208380976488,0.0419074314617124,0.1764610467127187,0.1579610424414415,0.6603004061447602,0.6866702537966184,0.547652076833351,0.5085161082145161,0.3203611621705784,0.2456397468787842,0.6044401161781879,0.6128163217951518,0.0,0.0,0.0,,5.950000000000001,,0.5865622092295171,0.6479493431129164,33.719879150390625,
louisiana,1995–04,2015–24,"similar baseline, divergent final",-0.0046300084882097,-0.006561539570355,-1.720008673804268,1.0261552662543856,0.0305636967145077,0.0093051828250274,,0.6518953921544159,259941.0,3773407.0,10.775057531787809,10.862909627482718,0.2172110042447438,0.2638420050605304,0.7503228960439495,0.973432944651713,0.058305877656377,0.0540952139009736,0.1063111425741817,0.0822112765941387,0.6671093060251775,0.6960872510152211,0.5921001471693519,0.5582939279509785,0.3894012729872523,0.3328050348498186,0.5892121104153984,0.6260621387885428,0.0,0.0,0.0,,2.6133333333333333,,0.5156978298799952,0.602715427011716,32.43132400512695,
maine,2000–09,2015–24,"similar socioeconomic structure, divergent change",-0.0008556391983667,-0.0097968150300549,-0.4864662902169146,1.5136923786332455,-0.0167099672551709,-0.0151094362570571,-0.9539782125181361,1.7823008763619121,345296.0,2175648.0,10.69055045218273,10.807967416021546,0.2661735905849098,0.3444851297194685,0.5503339593698378,0.6253333333333333,0.0442690697096934,0.0325955746658719,0.1331220571855419,0.1046853544697195,0.74528494462556,0.757743097305368,0.5541337015782497,0.5147005775324075,0.2888147498352919,0.1951686067137222,0.605081774033208,0.612233005022979,0.0,0.0,0.0,,1.19,,0.4461320568842779,0.4672949948961968,72.38203430175781,
massachusetts,1995–04,2015–24,little change,-0.0194664223900915,-0.0060015134195303,-0.09941266840733386,1.271621815719142,-0.0091457600294935,-0.0060768848679449,,0.93452011211415,1696494.0,9880210.0,10.974593656101264,11.304670316194906,0.3919795067654096,0.4829283653443762,0.9767252996916652,1.0,0.0492900276173072,0.0413127412113181,0.1366225221305951,0.0979795495755307,0.7477783479606991,0.7915514872564952,0.5011078959481838,0.4535508601827249,0.3142188553606897,0.2326972497837395,0.5472138965309054,0.5647124268776518,0.0,0.4,0.0,,2.473333333333333,,0.3460999177365306,0.3509261744993436,80.19840240478516,
missouri,1995–04,2015–24,"little change; similar baseline, divergent final; similar socioeconomic structure, divergent change",-0.0271667298186088,-0.0136490548716469,-0.8474573158039257,1.0528082248369601,-0.0069477968422115,-0.0099684952263076,,0.6325319818316315,595126.0,6780899.0,10.74572658634072,10.875754365382653,0.2597680321526719,0.3286578808060395,0.6254712621819188,0.8133282955716,0.0459076152760134,0.0350172757367909,0.1500898463526419,0.1259847421942403,0.7249574868003344,0.7443417430242333,0.5386391404200718,0.5007186078512061,0.3253103691286856,0.2560447773446588,0.575996806440948,0.5958317106578048,0.0,0.0,0.0,,5.226666666666667,,0.5059487461525412,0.5899724731768303,45.62214660644531,
montana,1995–04,2015–24,strongest alignment (I.7),-0.0142303966186764,-0.0027425506676136,-1.2533316968732104,1.4694887432058332,0.0134048045461382,-0.0110508334853379,,1.1026415961912996,483062.0,3823932.0,10.501787650611334,10.773826094320068,0.2747779528496671,0.3394681025719265,0.4474862526072641,0.7356003640250528,0.0465898022076116,0.0309018321728031,0.0672042752376467,0.0542932387192104,0.7328122966251147,0.7491899252507569,0.5616818497961192,0.5214116951322062,0.3190650955662294,0.254131588579458,0.5819927643404855,0.5964000411130208,0.0,0.0,0.0,,1.3066666666666666,,0.5861461620168574,0.5993196430971813,42.12271499633789,
nebraska,1995–04,2015–24,"similar socioeconomic structure, divergent change",-0.0021725412171188,-0.0026297717227788,0.23538730116068932,1.1566169593066427,,-0.0113221137853888,,0.7602623507017071,262294.0,3389001.0,10.765576525244605,11.12117188825791,0.2812622807815553,0.3564137650253445,0.6668308301329257,0.8286081418672401,0.034283252394787,0.0234847819067471,0.1246341427120999,0.1164598302754276,0.7840371308296534,0.797693917913794,0.5604550464334699,0.524482750342035,0.3221877775260912,0.2421766104133772,0.6054460273329546,0.598231375189469,0.0,0.0,0.0,,4.806666666666667,,0.6419388020748759,0.6125068933724273,31.18861961364746,
nevada,1995–04,2015–24,largest move toward less traditional; strongest alignment (I.7),-0.0172976941434788,-0.0089733929602112,-2.375082797656358,1.0792612832450488,-0.0029353883209217,-0.0025003141216702,,1.254381030252969,397000.0,3126139.0,10.938222581677987,10.953104967541382,0.1949101413840022,0.2611112073626994,0.9273270694196242,0.9404536140732632,0.0559811866759612,0.0573466388666775,0.0550122454357974,0.0517043127324299,0.698013571973337,0.7217012604115822,0.5137932732268398,0.4532379643010029,0.2998311790021788,0.2076702027694508,0.5359973250121463,0.5546791769549353,0.0,0.0,0.0,,1.3066666666666666,,0.508626342897623,0.4968756073140983,46.95512008666992,
new_hampshire,1995–04,2015–24,little change,-0.0078360805854773,0.0136624270454403,-0.06735911500487388,1.606300841366944,-0.0048441247187229,-0.0152397053645589,,0.37487050013111783,500960.0,411719.0,10.786997237409908,11.049130466058298,0.3202790644485328,0.4021204944008234,0.707662588538313,0.6390064558590648,0.0350458536098009,0.0291467955219837,0.1802786642493763,0.1422086960471628,0.7635493922472208,0.7828017408559464,0.5404624830313358,0.4968997920890077,0.3494506240130492,0.2679731172698899,0.560342959294963,0.5683732888269836,0.0,0.0,0.0,,0.0,,0.4812195995479743,0.4821467212088695,38.988548278808594,
new_jersey,1995–04,2015–24,"similar socioeconomic structure, divergent change",0.0016997101213057,-0.0099826572896255,-1.0852290049787916,0.8514211987300954,-0.0056786390779082,-0.0051856090731819,,0.3309256604777998,1173650.0,5895765.0,10.984551499274891,11.109575780377323,0.3518926672188122,0.4454090196603155,1.0,1.0,0.0563978193916695,0.0488154107946731,0.1295408988421651,0.0891989830748026,0.7150212732665936,0.768098897224115,0.5128739867970393,0.4654548551017991,0.3301542510366377,0.2621225810139059,0.5399150788911075,0.5542954073728408,0.0,1.0,0.0,,0.0,,0.4281708702037472,0.4387688418456237,62.3049430847168,
new_york,1995–04,2015–24,little change,-0.0260529883661974,-0.0075619935439492,-1.8186870194509053,0.9370178186596784,0.0034418020797484,-0.0047955062246572,,0.15815401827493142,3049344.0,15529036.0,11.049086934511838,11.34352317234969,0.3163278550969075,0.4086960719716112,0.8791639661504659,0.931472819766716,0.0580581274348985,0.0506790074734943,0.1069205713616517,0.0660629011354861,0.6917406473958883,0.7516179570731435,0.5040172535277679,0.4598417480102102,0.2668475445101254,0.2058332125063972,0.5581614843709743,0.5736589933257955,0.0,0.7,0.8,,0.0,,0.3628739612643579,0.3950897184954764,66.12232208251953,
north_dakota,2000–09,2015–24,"largest move toward less traditional; similar socioeconomic structure, divergent change; strongest alignment (I.7); weakest alignment (I.7)",-0.0381299009577538,-0.0070258832487496,-0.25109998882794027,1.3083429617462374,0.0451986528803277,-0.0107954230489888,0.9423377340113435,0.8963613515293168,313830.0,1954014.0,10.72973586831299,11.236482365119098,0.2861079564277309,0.3373507633924976,0.8351226424817066,0.806325523893363,0.0287324829570156,0.0215055886761505,0.0854655630004392,0.077968213846735,0.796583088445602,0.8018585591903524,0.5853546855109675,0.5641994816383472,0.3437040253925748,0.2617490314925377,0.6024929845796447,0.6279423871378708,0.0,0.0,0.0,,4.76,,0.6101513566750922,0.6857438146193652,60.974700927734375,
ohio,1995–04,2015–24,"similar socioeconomic structure, divergent change",-0.0063595892532657,-0.0051974838516375,-1.1635654590060227,1.1584171160790941,-0.0084365245803037,-0.011962735329695,,0.75225737698794,922434.0,12059622.0,10.763376531375815,10.953569066475962,0.2432623416061171,0.3196321283818941,0.8179607343004275,0.8443678268709245,0.0542181852895561,0.0412598743828805,0.2049676039778235,0.164781551040856,0.7186612810216805,0.7439961891683673,0.5332483816975148,0.4950817959922297,0.3287217612894962,0.2427920442979189,0.5696847642037439,0.5852086753545165,0.0,0.0,0.0,,3.453333333333333,,0.4976683901457825,0.5466699897949189,47.54694366455078,
oklahoma,1995–04,2015–24,"largest move toward less traditional; similar socioeconomic structure, divergent change",-0.0159623149207334,-0.0001255630669939,-2.122143300264644,1.1844008086857905,-0.019355561147187,-0.0086859736823021,,0.2362196000971574,494015.0,3894485.0,10.477086363661218,10.811475799064086,0.227437657519182,0.2754099297420285,0.69295362929199,0.8326169977943852,0.0481864479645996,0.0431190181264874,0.1444505906069688,0.1018260592240018,0.6680405326020027,0.6954966282611912,0.5601679548936064,0.5269471465817859,0.3257356499407935,0.2763472708546699,0.5643244160089577,0.5958819351251283,0.0,0.0,0.7,,0.0,,0.6035056066452692,0.6790493954713516,23.894773483276367,
oregon,1995–04,2015–24,"largest text-survey discrepancy; little change; similar baseline, divergent final",0.0051402776663605,0.0044770081183029,-1.4085087820060909,1.3965898528329896,0.0163112534044807,-0.0198122937882097,,1.0396136133786513,550990.0,6242406.0,10.629449205151618,10.941840489824653,0.2781868044616156,0.3618021892021837,0.7901361893730898,0.8848920775894946,0.064304217695915,0.0449293248853466,0.1573969060372599,0.1212601850315489,0.7123192569185101,0.7363139071111017,0.5279027097074,0.4658229426548466,0.2834133870306585,0.206516780777895,0.542207554763881,0.5548476078336433,0.0,0.2,0.0,,0.0,,0.4765412217345371,0.4270131534487211,57.91138458251953,
rhode_island,2000–09,2015–24,"similar socioeconomic structure, divergent change",-0.0051675830594744,-0.0130266963770236,-0.9734231307904276,1.3142010013194347,-0.0091396491810514,-0.0119599199340632,0.021624392804205805,0.71707939849868,335817.0,2348514.0,10.83045364634442,10.920803854879145,0.3158488834511441,0.3798410653604127,1.0,1.0,0.0527522373858477,0.0478533717023079,0.153423392348299,0.1166785840624591,0.75614014322069,0.7739011404506686,0.5134475785591219,0.4811218944357465,0.2887857893393165,0.1942454641115987,0.5756216554770512,0.5683441212034995,0.0,1.0,0.0,,3.5700000000000003,,0.3652507861579225,0.4133624429647853,82.94584655761719,
south_carolina,1995–04,2015–24,largest text-survey discrepancy; weakest alignment (I.7),0.0316282781260796,-0.0027291846880161,-1.2083660163890306,1.280610607713171,-0.0193482885978236,-0.0077524513425643,,0.6618352921059723,221302.0,2295402.0,10.598353962302976,10.752481788323935,0.2378080928580412,0.3110348557894053,0.7809739252591128,0.9397677985869904,0.0556163144117078,0.0429759990350565,0.1833086449610528,0.146351097778869,0.7041873254199387,0.713970223398131,0.5491087391091234,0.5108155907590674,0.3406429443716103,0.2723219365344432,0.590843117530295,0.6046578249184132,0.0,0.0,0.0,,1.4233333333333331,,0.5663684674979498,0.574828492412084,43.44034576416016,
south_dakota,2000–09,2015–24,largest text-survey discrepancy,-0.0257219794191676,-0.0065306052877801,-0.23483672058151595,0.8821637939637418,0.0403248720435186,-0.0071569097127202,-0.4801302327676386,0.4745100572922426,416242.0,2280812.0,10.799712393731236,11.01505332526956,0.2663260923149245,0.3182667685043108,0.3835574512966545,0.605162563761163,0.031297637417649,0.0252655541205418,0.114049839179195,0.1115279124579505,0.7947422718012578,0.7966447201942353,0.5608006996312606,0.5530818813802627,0.3097927482995285,0.2356242353544968,0.6159006061233112,0.6256141579664567,0.0,0.0,0.0,,2.1233333333333326,,0.5894123686919431,0.6478391249267976,50.002628326416016,
tennessee,1995–04,2015–24,"similar baseline, divergent final; similar socioeconomic structure, divergent change",-0.0256849312882198,-0.0114119528522244,-2.026888813137977,1.1867594596722542,0.0228958457779043,-0.015425557426026,,0.6466674856459385,366226.0,6225419.0,10.69714989553457,10.91471613674896,0.228166482150883,0.309467295252068,0.6802949798093619,0.8697698672679408,0.0503163656012689,0.0414830931764243,0.197103053370555,0.1371132504602409,0.6866410833120195,0.710088665181731,0.5268533018440065,0.4889437693876631,0.346688812627639,0.2612540641401033,0.5760379784031217,0.5897838452345449,0.0,0.0,0.0,,1.3066666666666666,,0.526205566326864,0.6350422108160834,38.78757858276367,
texas,2000–09,2015–24,"largest move toward less traditional; similar socioeconomic structure, divergent change",-0.0253567963796797,0.0001575525150353,-1.145856691321728,0.9567459043304334,0.0015862341519421,-0.0133877410982836,-1.1604987151905135,0.67471543089021,1900226.0,11851541.0,10.822847979165337,11.060312214039255,0.2608929260608174,0.3273897427547705,0.873407587084325,0.959022418568143,0.0537446833019562,0.042211884241614,0.1163596469741036,0.0921106280488054,0.6829485997845444,0.711701712751388,0.535424138534414,0.4922835340061128,0.3158380112087209,0.2789889474734243,0.5514529502111719,0.557150899118848,0.0,0.0,0.0,,0.9333333333333332,,0.5946746626553786,0.5482766023852025,44.90316390991211,
utah,1995–04,2015–24,"largest text-survey discrepancy; similar socioeconomic structure, divergent change; strongest alignment (I.7)",-0.0041152758773224,0.0005323669248184,-2.520483748231975,-0.0077215927112726885,-0.0193639439431367,-0.0065184770645818,,0.45957321412867014,415367.0,3107378.0,10.682499287490828,10.993038455256194,0.2740636221479554,0.3650082086908131,0.8564387939391657,0.9526441398588724,0.0479347096361103,0.0268856709648536,0.1301925683831312,0.1126647438880089,0.6779174499984578,0.7094691725072151,0.5138518774169158,0.4703901890831193,0.3432556322513781,0.3317230242174297,0.4968335224632619,0.5067839845412683,0.0,0.0,0.0,,1.3066666666666666,,0.6903047747023411,0.613939510279874,30.861251831054688,
vermont,2000–09,2015–24,"largest text-survey discrepancy; similar baseline, divergent final; similar socioeconomic structure, divergent change; weakest alignment (I.7)",-0.0150225621451449,0.0049697113002953,-0.5627220580516765,1.4539855026120616,0.0164225847045786,-0.0127217699623788,-0.33478830119590247,1.3517733248568817,817275.0,2810898.0,10.722065878867378,10.87204215534869,0.3387317454967651,0.4193405650631367,0.3326293522410935,0.3992251015713679,0.0378627617665279,0.0288106985344714,0.1459560275693116,0.1134322629769863,0.7863842382435062,0.8016942492180436,0.5279132513669771,0.4898445140800378,0.2581468951178757,0.1534156521352359,0.5962072511631489,0.6049992972379552,0.0,0.0,0.4444444444444444,,0.0,,0.3845315507487911,0.3337638974584432,84.89697265625,
virginia,1995–04,2015–24,"largest move toward less traditional; largest text-survey discrepancy; similar baseline, divergent final",-0.0273798463760353,-0.0128819144539272,-0.16398851994897123,1.2073011520081518,-0.0104064925977622,0.0030253287153601,,0.9960215904021386,418453.0,7390459.0,10.862011886922131,11.061250728398589,0.3386681652822944,0.4256004570859623,0.7466641800711035,0.9740767043048169,0.0366833831068583,0.0347474833605071,0.1153388030491616,0.0753148087176597,0.7260657354195417,0.7582178214438888,0.5085408553782523,0.4624422248898384,0.3118205861179385,0.2437378115915974,0.5383395833324895,0.5498592178376801,0.0,0.0,0.0,,3.22,,0.5311384250881006,0.4635776277003143,43.9487190246582,
washington,1995–04,2015–24,"little change; similar baseline, divergent final",-0.0142698685323365,-0.0069644660584865,-0.8236760222284966,1.593463180072625,0.0439551742071427,0.0038404737501086,,1.3127643094465298,623157.0,8358966.0,10.882720240227563,11.24523816159422,0.3125972610353719,0.3874749244608115,0.8245455401865908,0.94115264597067,0.0651402226526631,0.0407964427762061,0.1313236761998523,0.100694246036154,0.7091231111232154,0.7313444277043332,0.5121438852608371,0.4751076531519155,0.2928973074739899,0.2512254154942344,0.5231592453567916,0.5244582655757991,0.0,0.5,0.0,,0.0,,0.4540467948745345,0.4060759662514626,50.25605392456055,
west_virginia,2000–09,2015–24,largest move toward less traditional; largest text-survey discrepancy,-0.0004625232908034,-0.0063723948599413,-1.059488613697317,1.4691130770600473,-0.0189819966841248,0.0016681647667481,-1.761724636685035,0.8479952716615173,318519.0,3147851.0,10.51301183808889,10.663161722688098,0.1813469202154087,0.2378708846984016,0.6071655744813143,0.7272723785663755,0.0542468341066591,0.0506959001438523,0.1124509670553026,0.0888795972364002,0.6160131996270556,0.6497650214578122,0.5955206128310031,0.5457200908613576,0.3128288707722827,0.2586670349600495,0.6033236605614934,0.6146255831436517,0.0,0.0,0.7777777777777778,,0.6999999999999998,,0.5546517613760672,0.7110115894841386,66.05204772949219,
wisconsin,1995–04,2015–24,"largest move toward less traditional; similar socioeconomic structure, divergent change",-0.0313822093233082,0.004995746489041,-0.6414900038061158,1.5136259616991097,,-0.0085043374814208,,0.9165105419771594,345026.0,6254087.0,10.74164498160066,10.94560559608333,0.2563923632272711,0.3366018370642102,0.7197365907631701,0.8666819863565607,0.04918786563287,0.0272331524057149,0.2277673536780974,0.1970071359831026,0.7715600539612683,0.7878269421430774,0.5301888752014214,0.4954440114345957,0.3154091842961863,0.2419823435301018,0.5838713084389877,0.5974653120110394,0.0,0.0,0.0,,3.8266666666666658,,0.4792464392037425,0.5017520672088942,52.34249114990234,
wyoming,2000–09,2015–24,largest text-survey discrepancy; strongest alignment (I.7),0.0068258968853167,-0.002336832631478,0.40115209322956075,1.301760220118785,,-0.0184076396019916,-0.4394925547428755,0.5313329379393028,213455.0,2404993.0,11.06675107252646,11.095747798281696,0.2422859594052063,0.2893313698532924,0.4534893128360682,0.4243989445559097,0.035559514583251,0.0339071931637208,0.0536427398235321,0.0459999232666101,0.7506365306811908,0.74699448606199,0.5855105737992579,0.5552812088627039,0.3758053697517981,0.3056986775566171,0.590932362581602,0.5936773053909596,0.0,0.0,0.0,,0.0,,0.6928567738952823,0.7388830900961544,27.932621002197266,
