domain,level,criterion,case,value,details
occupation,occupation,largest decline in stereotyping,attendant,-0.037313152252724635,RND 1995–04 -0.0256 -> 2015–24 +0.0117; female share 0.37
occupation,occupation,largest decline in stereotyping,chef,-0.027764125313087463,RND 1995–04 -0.0319 -> 2015–24 -0.0041; female share 0.23
occupation,occupation,largest decline in stereotyping,executive,-0.01971515895569181,RND 1995–04 -0.0180 -> 2015–24 +0.0017; female share 0.24
occupation,occupation,largest decline in stereotyping,biologist,-0.019506193989040407,RND 1995–04 -0.0360 -> 2015–24 -0.0165; female share 0.46
occupation,occupation,largest decline in stereotyping,surgeon,-0.01886639370287994,RND 1995–04 -0.0177 -> 2015–24 +0.0011; female share 0.33
occupation,occupation,largest increase in stereotyping,veterinarian,0.04171111244084803,RND 1995–04 -0.0339 -> 2015–24 +0.0078; female share 0.52
occupation,occupation,largest increase in stereotyping,accountant,0.027263702112292405,RND 1995–04 -0.0349 -> 2015–24 -0.0076; female share 0.59
occupation,occupation,largest increase in stereotyping,secretary,0.023617478052805518,RND 1995–04 -0.0190 -> 2015–24 +0.0046; female share 0.96
occupation,occupation,largest increase in stereotyping,designer,0.023446671664554008,RND 1995–04 -0.0116 -> 2015–24 +0.0119; female share 0.55
occupation,occupation,largest increase in stereotyping,police,0.018551656196496284,RND 1995–04 -0.0061 -> 2015–24 -0.0246; female share 0.13
occupation,occupation,most stable,pastor,0.0009913258874543517,RND 1995–04 -0.0231 -> 2015–24 -0.0234; female share 0.19
occupation,occupation,most stable,soldier,0.0012695310353441156,RND 1995–04 -0.0347 -> 2015–24 -0.0363; female share 0.13
occupation,occupation,most stable,inspector,0.0016315593059649017,RND 1995–04 -0.0250 -> 2015–24 -0.0230; female share 0.34
occupation,occupation,most stable,attorney,0.0022669753621957014,RND 1995–04 -0.0174 -> 2015–24 -0.0133; female share 0.33
occupation,occupation,most stable,prosecutor,0.0023256008576683362,RND 1995–04 -0.0134 -> 2015–24 -0.0126; female share 0.33
occupation,occupation,reversal in gender association,attendant,0.011691159584889156,RND 1995–04 -0.0256 -> 2015–24 +0.0117; female share 0.37
occupation,occupation,reversal in gender association,author,0.008788214389105776,RND 1995–04 -0.0072 -> 2015–24 +0.0088; female share 0.59
occupation,occupation,reversal in gender association,clerk,0.012366172587545169,RND 1995–04 -0.0061 -> 2015–24 +0.0124; female share 0.83
occupation,occupation,reversal in gender association,designer,0.011858768166108601,RND 1995–04 -0.0116 -> 2015–24 +0.0119; female share 0.55
occupation,occupation,reversal in gender association,veterinarian,0.007816358915423732,RND 1995–04 -0.0339 -> 2015–24 +0.0078; female share 0.52
occupation,occupation,largest text vs female-share discrepancy,doctor,0.0326005996620265,RND 1995–04 +0.0240 -> 2015–24 +0.0183; female share 0.32
occupation,occupation,largest text vs female-share discrepancy,secretary,-0.028947599730443654,RND 1995–04 -0.0190 -> 2015–24 +0.0046; female share 0.96
occupation,occupation,largest text vs female-share discrepancy,physician,0.025802991876788813,RND 1995–04 +0.0195 -> 2015–24 +0.0135; female share 0.32
occupation,occupation,largest text vs female-share discrepancy,nurse,0.02303134562812413,RND 1995–04 +0.0321 -> 2015–24 +0.0485; female share 0.91
occupation,occupation,largest text vs female-share discrepancy,broker,-0.02298329369630461,RND 1995–04 -0.0202 -> 2015–24 -0.0203; female share 0.49
family,term (household),largest temporal change,dishes,0.01785869240553066,RND 1995–04 -0.0105 -> 2015–24 +0.0074
family,term (household),largest temporal change,groceries,0.011884891443267598,RND 1995–04 -0.0161 -> 2015–24 -0.0043
family,term (family_sphere),largest temporal change,household,0.010324978136429012,RND 1995–04 +0.0076 -> 2015–24 +0.0179
family,term (family_sphere),most stable,parents,0.000852441846737186,RND 1995–04 +0.0200 -> 2015–24 +0.0187
family,term (family_sphere),most stable,family,0.001746064344593329,RND 1995–04 +0.0074 -> 2015–24 +0.0080
family,term (household),most stable,laundry,0.002220382302045137,RND 1995–04 +0.0084 -> 2015–24 +0.0088
family,term (family_sphere),reversal,home,-0.0010395485577548063,RND 1995–04 +0.0008 -> 2015–24 -0.0002
family,term (family_sphere),reversal,relatives,-0.010030710968319914,RND 1995–04 +0.0039 -> 2015–24 -0.0062
family,term (household),reversal,cleaning,-0.004792310739440633,RND 1995–04 +0.0044 -> 2015–24 -0.0004
family,term (household),reversal,dishes,0.01785869240553066,RND 1995–04 -0.0105 -> 2015–24 +0.0074
family,term (family_sphere),strongest state heterogeneity,cousins,0.02213161523767054,RND 1995–04 -0.0073 -> 2015–24 -0.0161
family,term (household),strongest state heterogeneity,groceries,0.021184211138180545,RND 1995–04 -0.0161 -> 2015–24 -0.0043
family,term (family_sphere),strongest state heterogeneity,family,0.020944514675576346,RND 1995–04 +0.0074 -> 2015–24 +0.0080
occupation,state pair,"similar baseline, divergent final",hawaii / oregon,0.0236861943490207,"baseline gap 0.0012, final gap 0.0237"
occupation,state pair,"similar baseline, divergent final",missouri / vermont,0.0186187661719422,"baseline gap 0.0012, final gap 0.0186"
occupation,state pair,"similar baseline, divergent final",hawaii / kansas,0.0159686268658359,"baseline gap 0.0008, final gap 0.0160"
occupation,state pair,"similar baseline, divergent final",alabama / indiana,0.0151627798857596,"baseline gap 0.0005, final gap 0.0152"
occupation,state pair,"similar baseline, divergent final",florida / vermont,0.014631816824267698,"baseline gap 0.0012, final gap 0.0146"
occupation,state pair,"similar socioeconomic structure, divergent change",rhode_island / texas,0.0333734622122642,"socioeconomic distance 1.55 (z units), change gap 0.0334"
occupation,state pair,"similar socioeconomic structure, divergent change",connecticut / new_jersey,0.0286069116017012,"socioeconomic distance 1.24 (z units), change gap 0.0286"
occupation,state pair,"similar socioeconomic structure, divergent change",south_dakota / wyoming,0.0283541036481822,"socioeconomic distance 1.49 (z units), change gap 0.0284"
occupation,state pair,"similar socioeconomic structure, divergent change",rhode_island / utah,0.028028498909938897,"socioeconomic distance 1.50 (z units), change gap 0.0280"
occupation,state pair,"similar socioeconomic structure, divergent change",delaware / maine,0.026470827003997503,"socioeconomic distance 1.45 (z units), change gap 0.0265"
occupation,state,largest move toward less traditional,north_dakota,-0.0311040177090042,2000–09 -> 2015–24
occupation,state,largest move toward less traditional,wisconsin,-0.029937596479873502,2000–09 -> 2015–24
occupation,state,largest move toward less traditional,texas,-0.025514348894715,2000–09 -> 2015–24
occupation,state,largest move toward less traditional,kentucky,-0.023990073973445297,2000–09 -> 2015–24
occupation,state,largest move toward less traditional,virginia,-0.020730538930818897,2000–09 -> 2015–24
occupation,state,little change,colorado,-2.511081336179985e-05,2000–09 -> 2015–24
occupation,state,little change,missouri,-0.0002171852764142005,2000–09 -> 2015–24
occupation,state,little change,idaho,0.0004001726928700997,2000–09 -> 2015–24
occupation,state,little change,kansas,0.0006702024329868,2000–09 -> 2015–24
occupation,state,little change,new_hampshire,-0.0018465694396558006,2000–09 -> 2015–24
occupation,state,largest text-survey discrepancy,district_of_columbia,3.5808444009001383,mean z(text) - z(survey)
occupation,state,largest text-survey discrepancy,utah,-2.1450006815915827,mean z(text) - z(survey)
occupation,state,largest text-survey discrepancy,virginia,1.8671258507301984,mean z(text) - z(survey)
occupation,state,largest text-survey discrepancy,arizona,1.6435861496658961,mean z(text) - z(survey)
occupation,state,largest text-survey discrepancy,maryland,1.5471214211742097,mean z(text) - z(survey)
occupation,state,weakest alignment (I.7),south_carolina,-0.1408729211844861,"95% [-0.49, 0.21]"
occupation,state,weakest alignment (I.7),alaska,-0.0573657217680918,"95% [-0.50, 0.39]"
occupation,state,weakest alignment (I.7),district_of_columbia,-0.0462360635267385,"95% [-0.41, 0.32]"
occupation,state,strongest alignment (I.7),new_york,0.476117202292621,"95% [0.02, 0.93]"
occupation,state,strongest alignment (I.7),florida,0.4896654463506172,"95% [-0.03, 1.00]"
occupation,state,strongest alignment (I.7),oklahoma,0.5514405445057543,"95% [0.04, 1.06]"
family,state pair,"similar baseline, divergent final",hawaii / vermont,0.0345797492838107,"baseline gap 0.0012, final gap 0.0346"
family,state pair,"similar baseline, divergent final",new_hampshire / south_carolina,0.029589407630168603,"baseline gap 0.0013, final gap 0.0296"
family,state pair,"similar baseline, divergent final",delaware / hawaii,0.0287234006393213,"baseline gap 0.0012, final gap 0.0287"
family,state pair,"similar baseline, divergent final",vermont / virginia,0.0265241725852164,"baseline gap 0.0002, final gap 0.0265"
family,state pair,"similar baseline, divergent final",florida / virginia,0.0249798368700115,"baseline gap 0.0014, final gap 0.0250"
family,state pair,"similar socioeconomic structure, divergent change",kentucky / south_carolina,0.0427925222484579,"socioeconomic distance 1.36 (z units), change gap 0.0428"
family,state pair,"similar socioeconomic structure, divergent change",kansas / vermont,0.0422607036342973,"socioeconomic distance 1.49 (z units), change gap 0.0423"
family,state pair,"similar socioeconomic structure, divergent change",delaware / oklahoma,0.039175493272439105,"socioeconomic distance 1.49 (z units), change gap 0.0392"
family,state pair,"similar socioeconomic structure, divergent change",oregon / south_carolina,0.0375554220609129,"socioeconomic distance 1.24 (z units), change gap 0.0376"
family,state pair,"similar socioeconomic structure, divergent change",florida / nevada,0.0367189381630454,"socioeconomic distance 1.22 (z units), change gap 0.0367"
family,state,largest move toward less traditional,west_virginia,-0.0359069113892726,2000–09 -> 2015–24
family,state,largest move toward less traditional,south_carolina,-0.0265572986601284,2000–09 -> 2015–24
family,state,largest move toward less traditional,oklahoma,-0.018441256716951,2000–09 -> 2015–24
family,state,largest move toward less traditional,kansas,-0.0156184592087341,2000–09 -> 2015–24
family,state,largest move toward less traditional,district_of_columbia,-0.0138335037984391,2000–09 -> 2015–24
family,state,little change,new_york,-1.782660668620071e-05,2000–09 -> 2015–24
family,state,little change,missouri,-4.1796782976600416e-05,2000–09 -> 2015–24
family,state,little change,iowa,-0.00011985422968499929,2000–09 -> 2015–24
family,state,little change,virginia,-0.00012383740252700035,2000–09 -> 2015–24
family,state,little change,maine,-0.0008296175232995005,2000–09 -> 2015–24
family,state,largest text-survey discrepancy,utah,-3.1980925473950768,mean z(text) - z(survey)
family,state,largest text-survey discrepancy,new_hampshire,2.147405296744439,mean z(text) - z(survey)
family,state,largest text-survey discrepancy,washington,-1.7976128919068994,mean z(text) - z(survey)
family,state,largest text-survey discrepancy,south_dakota,1.553918268541376,mean z(text) - z(survey)
family,state,largest text-survey discrepancy,virginia,-1.5177163128980191,mean z(text) - z(survey)
family,state,weakest alignment (I.7),vermont,-0.32832382441078,"95% [-0.69, 0.03]"
family,state,weakest alignment (I.7),michigan,-0.3004099942494966,"95% [-0.72, 0.12]"
family,state,weakest alignment (I.7),new_hampshire,-0.2423253874691778,"95% [-0.52, 0.04]"
family,state,strongest alignment (I.7),west_virginia,0.163017426230906,"95% [-0.13, 0.46]"
family,state,strongest alignment (I.7),new_jersey,0.1882769571832726,"95% [-0.23, 0.60]"
family,state,strongest alignment (I.7),utah,0.2763248102273855,"95% [-0.14, 0.69]"
