entry,coverage,decision,reason
home|homes,1.000,kept,""
kids|kid,1.000,kept,""
parents|parent,1.000,kept,""
married,1.000,kept,""
couple|couples,1.000,dropped,"sense: quantifier 'a couple of' (neighbours several, two, three)"
house|houses,1.000,dropped,"sense: legislature (neighbours congress, senate, impeach)"
loved,1.000,dropped,"concept: general emotion, not family"
family|families,1.000,kept,""
children|child,1.000,kept,""
baby|babies,0.996,kept,""
grandchildren|grandchild,0.991,kept,""
dinner|dinners,0.974,dropped,"concept: meals, not family"
anniversary|anniversaries,0.974,dropped,"sense: commemoration (neighbours commemorate, celebration)"
kitchen|kitchens,0.970,dropped,"sense: restaurant kitchen (neighbours restaurant, chef, sous)"
generations|generation,0.970,dropped,"concept: cohorts (millennials, boomers), not family"
foster,0.961,dropped,"sense: verb 'to foster' (neighbours promote, organizations)"
marriage|marriages,0.961,kept,""
relatives|relative,0.953,kept,""
wedding|weddings,0.944,kept,""
birthday|birthdays,0.944,dropped,"sense: public celebrations / centenarians"
domestic,0.944,dropped,"sense: domestic violence / domestic policy"
cousins|cousin,0.940,kept,""
childhood,0.935,kept,""
grandparents|grandparent,0.922,kept,""
breakfast,0.914,dropped,"concept: meals, not family"
meals|meal,0.901,dropped,"concept: meals, not family"
twins|twin,0.897,dropped,"sense: Minnesota Twins (neighbours infielder, timberwolves)"
beloved,0.888,dropped,"concept: general emotion, not family"
siblings|sibling,0.858,kept,""
engagement|engagements,0.836,dropped,"sense: civic engagement (neighbours outreach, involvement)"
infant|infants,0.828,kept,""
divorce|divorces,0.815,kept,""
household|households,0.810,kept,""
toys|toy,0.810,dropped,"sense: merchandise (neighbours collectibles, housewares)"
reunion|reunions,0.806,dropped,"sense: alumni / class reunions"
backyard,0.797,dropped,"concept: property, not family"
adoption|adoptions,0.763,dropped,"sense: rule / pet adoption (neighbours rulemaking, spay)"
homemade,0.737,dropped,"concept: food / crafts, not family"
playground|playgrounds,0.716,dropped,"concept: public place"
spouse|spouses,0.616,dropped,"sense: legal code (neighbours spousal, inflicting, cohabitant)"
descendants|descendant,0.565,dropped,"sense: genealogy / history (neighbours ancestors, settlers)"
nursery|nurseries,0.556,kept,"PI decision: kept; neighbours also show a plant-nursery sense"
toddler|toddlers,0.547,kept,""
caregiver|caregivers,0.474,dropped,"coverage < 0.5"
homemaker|homemakers,0.474,dropped,"coverage < 0.5"
newborn|newborns,0.444,dropped,"coverage < 0.5"
parenting,0.440,dropped,"coverage < 0.5"
honeymoon,0.409,dropped,"coverage < 0.5"
grandkids|grandkid,0.409,dropped,"coverage < 0.5"
upbringing,0.388,dropped,"coverage < 0.5"
daycare|daycares,0.388,dropped,"coverage < 0.5"
childcare,0.306,dropped,"coverage < 0.5"
nurturing,0.297,dropped,"coverage < 0.5"
kin,0.284,dropped,"coverage < 0.5"
offspring,0.267,dropped,"coverage < 0.5"
crib|cribs,0.142,dropped,"coverage < 0.5"
stepchildren|stepchild,0.116,dropped,"coverage < 0.5"
newlyweds|newlywed,0.116,dropped,"coverage < 0.5"
bedtime,0.095,dropped,"coverage < 0.5"
babysitter|babysitters,0.056,dropped,"coverage < 0.5"
caregiving,0.026,dropped,"coverage < 0.5"
