state,change,se,lo,hi
nebraska,-0.0194888064496093,0.005864437848340344,-0.030983104632356373,-0.007994508266862224
alabama,-0.0151983007607087,0.0069251347047732045,-0.028771564782064184,-0.0016250367393532191
kansas,-0.0131432035744342,0.007845961293795368,-0.028521287710273124,0.002234880561404721
colorado,-0.012019247669909701,0.006655731290912785,-0.02506448100009876,0.0010259856602793573
wisconsin,-0.0110237258368061,0.006622809187902488,-0.024004431845094976,0.0019569801714827764
iowa,-0.0105196223591442,0.007071841968594679,-0.02438043261758977,0.00334118789930137
indiana,-0.0098288473944475,0.0077500206765482,-0.025018887920481972,0.005361193131586971
kentucky,-0.0091187058022875,0.007338399274921962,-0.023501968381134546,0.005264556776559544
ohio,-0.0089786223071071,0.0072353004253453345,-0.023159811140783956,0.005202566526569755
california,-0.0088782464797031,0.008437163866137508,-0.025415087657332615,0.007658594697926416
massachusetts,-0.0088449925613262,0.007003873503681749,-0.022572584628542426,0.004882599505890027
north_carolina,-0.0083984207610213,0.00703442592952633,-0.022185895582892905,0.0053890540608503065
montana,-0.0077241549451975994,0.006027289982599036,-0.01953764331109171,0.004089333420696511
rhode_island,-0.006696525145740501,0.007673540173575139,-0.021736663885947773,0.00834361359446677
oregon,-0.006185698068899202,0.007042664001661948,-0.01998931951215662,0.007617923374358215
vermont,-0.005711173710310101,0.007078828032745823,-0.019585676654491915,0.008163329233871712
idaho,-0.0056439165746007,0.0067506334080553515,-0.018875158054389187,0.007587324905187788
connecticut,-0.0053199376392279,0.007516032785620973,-0.02005136189904501,0.009411486620589207
alaska,-0.005043162573921499,0.007266945069858021,-0.01928637491084322,0.00920004976300022
maine,-0.0048199863603806,0.007578457546722368,-0.019673763151956444,0.010033790431195242
florida,-0.0031352529079253996,0.007571168087994474,-0.01797474236039457,0.01170423654454377
mississippi,-0.0029930599870841013,0.007280946906887592,-0.017263715924583783,0.01127759595041558
nevada,-0.0020422048446379,0.008215741897592567,-0.018145058963919332,0.014060649274643532
pennsylvania,-0.0012708647700493993,0.006879139791210313,-0.014753978760821611,0.012212249220722813
illinois,-0.0011910909956971989,0.007388774520287627,-0.01567308905546095,0.01329090706406655
washington,8.853325441200016e-05,0.0061349906632260885,-0.011936048445511133,0.012113114954335133
south_carolina,0.00023258040349490028,0.007314919976744234,-0.014104662750923798,0.014569823557913598
missouri,0.0011094682311276992,0.00642679271597755,-0.0114870454921883,0.013705981954443698
minnesota,0.001219347039385199,0.007614103760586814,-0.013704296331364956,0.016142990410135352
louisiana,0.0016523673499361001,0.008272747764786481,-0.014562218269045402,0.0178669529689176
georgia,0.0017164807501009998,0.006081414075543757,-0.010203090837964765,0.013636052338166765
maryland,0.0017632594239982008,0.007048096762085188,-0.012051010229688767,0.015577529077685169
michigan,0.0018622216263499986,0.006778631301901374,-0.011423895725376694,0.015148338978076692
utah,0.003338394666414701,0.006750844152863461,-0.009893259873197682,0.016570049206027084
delaware,0.0033477764360951012,0.008890575551717666,-0.014077751645271523,0.020773304517461726
north_dakota,0.0035212640878597,0.007072705352932408,-0.010341238403887818,0.01738376657960722
new_jersey,0.0035422133170495,0.007652519068556409,-0.01145672405732106,0.01854115069142006
west_virginia,0.0038980412350155006,0.0075238726859513825,-0.010848749229449207,0.01864483169948021
tennessee,0.0055859100157741,0.0068417177034060805,-0.007823856682901817,0.018995676714450016
new_hampshire,0.0095613600576635,0.01948797607861173,-0.02863507305641549,0.04775779317174249
virginia,0.0104783781244134,0.006418953435224187,-0.0021027706086260076,0.023059526857452807
wyoming,0.010574766090128302,0.0064397373907646525,-0.0020471191957704173,0.02319665137602702
oklahoma,0.010886684531512801,0.00665102646732764,-0.002149327344449373,0.023922696407474978
new_york,0.0111345521217164,0.008855908336580762,-0.006223028217981895,0.028492132461414695
south_dakota,0.014660404129174002,0.007978655846274742,-0.0009777613295244934,0.030298569587872498
new_mexico,0.017367107810227902,0.010990190509230774,-0.004173665587864417,0.03890788120832022
district_of_columbia,0.017559708523529102,0.008200784539521801,0.0014861708260663735,0.03363324622099183
texas,0.0191102265970174,0.00670841717908108,0.005961728926018482,0.03225872426801631
hawaii,0.0286651320774266,0.008480382716943844,0.012043581952216664,0.045286682202636534
