period,occupation,rnd,n_units,weighted_n,female_share
2005,accountant,-0.0126367714604648,26,19910152.0,0.5978907644703064
2005,administrator,0.004687756980482,48,14900871.0,0.638977547017218
2005,architect,-0.0263754082066277,37,1839939.0,0.2465565434506252
2005,artist,-0.0015942512172703,49,1899811.0,0.4421545090537953
2005,athlete,-0.0104116117780677,47,2592231.0,0.3612976621296481
2005,attendant,0.0317067177936158,24,3965199.0,0.3624685671513586
2005,attorney,-0.0136691762398423,49,10499771.0,0.339761981475596
2005,auditor,-0.0133534096556368,21,19910152.0,0.5978907644703064
2005,author,-0.0009881925009776,49,1939127.0,0.5721770673091551
2005,banker,-0.0393642097466309,26,14199779.0,0.5345744465459639
2005,bartender,-0.0107554988801813,22,3986670.0,0.573699603930097
2005,biologist,-0.0226537540373513,30,795657.0,0.4830800206621697
2005,broker,-0.035375675819107,26,11412616.0,0.4793128061086082
2005,caregiver,0.0447811178090712,22,30859682.0,0.8654325407500959
2005,carpenter,-0.0230666772318291,42,13279441.0,0.017289131372322
2005,chef,-0.0092214159850319,44,3415684.0,0.1989985022033654
2005,clergy,0.0023166814824672,17,4353970.0,0.1786243359508678
2005,clerk,0.0025839330932315,47,12812523.0,0.818048951014566
2005,coach,-0.0250357584809264,49,2592231.0,0.3612976621296481
2005,consultant,-0.0167894242103405,44,6862678.0,0.410603557386781
2005,contractor,-0.0355072353883941,47,16492097.0,0.0478584985281131
2005,counselor,0.0268896404581776,43,6733870.0,0.6962136186175261
2005,custodian,-0.0035095550676417,15,24314440.0,0.3142176007343784
2005,dancer,0.0161032876172883,41,214673.0,0.8016098903914326
2005,dentist,-0.0056585992158655,25,1661940.0,0.2455732457248757
2005,designer,0.0060149116325439,40,7729665.0,0.5315725843228652
2005,detective,-0.0261797640356223,48,2137856.0,0.305718439408454
2005,dispatcher,-0.0129858180730343,30,2800698.0,0.5544017955523944
2005,doctor,0.0194486336829319,49,8532937.0,0.3346960138109539
2005,driver,-0.01755086462306,49,41129681.0,0.1182001873537507
2005,editor,-0.0040363872318452,49,1678940.0,0.5436019154942999
2005,engineer,-0.0395999404393269,48,17618305.0,0.1221295692179242
2005,executive,-0.0169367886488699,49,11279834.0,0.2271357894096668
2005,farmer,-0.0255813996287158,47,6379075.0,0.142562362097953
2005,firefighter,-0.0260561337057739,48,2779928.0,0.0424910285446241
2005,gardener,0.0151049137973932,22,12510522.0,0.0596489898662901
2005,inspector,-0.0262993151464838,38,9216183.0,0.3410784052356599
2005,instructor,-0.0064337772526542,46,21835328.0,0.532627767258637
2005,journalist,-0.0139724071029639,46,798830.0,0.4571285505051137
2005,judge,0.0023667106512087,49,10499771.0,0.339761981475596
2005,lawyer,-0.0134787167693258,49,10499771.0,0.339761981475596
2005,librarian,0.03017802412689,26,1775371.0,0.8364567180606195
2005,manager,-0.0245325709813013,49,41838749.0,0.3336800772891178
2005,mechanic,-0.0510122775512107,39,15439341.0,0.0183139941011731
2005,miner,-0.0323188344366047,28,1688241.0,0.0227763690136657
2005,musician,-0.0229595937326882,46,1836628.0,0.3441622364463571
2005,nurse,0.0477308595681171,48,27304948.0,0.9073156997039512
2005,painter,-0.0159273754350924,33,5880096.0,0.0661834432635113
2005,paramedic,-0.0137206386701975,30,1832993.0,0.3078964295008218
2005,pastor,-0.0253278312091357,47,4353970.0,0.1786243359508678
2005,pharmacist,-0.0069927892637539,17,2580646.0,0.5360320632895794
2005,photographer,-0.0125076329071773,47,1475051.0,0.4487485517449905
2005,physician,0.0108836578315972,44,8532937.0,0.3346960138109539
2005,police,-0.0173851844796378,49,8067330.0,0.1439865482135973
2005,professor,-0.0067375848532338,49,13482401.0,0.484120298750942
2005,prosecutor,-0.0121077736765055,49,10499771.0,0.339761981475596
2005,psychologist,0.0150275033116665,27,1836568.0,0.6826548213842341
2005,realtor,-0.0062195311162093,21,8184982.0,0.5501875263745235
2005,reporter,-0.0018279706944052,49,798830.0,0.4571285505051137
2005,sailor,-0.0264214649425723,25,319181.0,0.0651918503920972
2005,scientist,-0.0129275701832445,44,5636193.0,0.4055595683114471
2005,secretary,-0.0048107823416556,49,36239047.0,0.9570410336673588
2005,sheriff,-0.0266153730446785,47,6888890.0,0.1431210253030604
2005,soldier,-0.0341017680192101,48,4139264.0,0.1299119843527738
2005,surgeon,-0.0045226039048668,37,8532937.0,0.3346960138109539
2005,teacher,0.0273146178688169,49,49528743.0,0.7832417834629883
2005,technician,-0.0127339132805668,43,11486219.0,0.5029737810153193
2005,teller,-0.0151025520623923,15,4156698.0,0.8552026151527006
2005,therapist,0.0367533992433212,35,5455501.0,0.7448712776333466
2005,trooper,-0.0298406777790032,43,6888890.0,0.1431210253030604
2005,veterinarian,0.0037392827368078,33,737157.0,0.5211576367042571
2005,writer,-0.0046900430664247,49,2535459.0,0.5705120847941142
2010,accountant,-0.0105620276933727,38,19644521.0,0.6061694759571893
2010,administrator,0.0043063167552882,51,16839492.0,0.6453844332121182
2010,architect,-0.0253370631766329,49,1890915.0,0.2665958015035049
2010,artist,0.0010544706050278,51,2022637.0,0.4505815922481394
2010,athlete,-0.0103082350554582,50,2943172.0,0.3809940431615957
2010,attendant,0.0246912349080653,32,4149733.0,0.3572979273606277
2010,attorney,-0.013566780186592,51,11028164.0,0.3649656461401916
2010,auditor,0.0009728136545997,33,19644521.0,0.6061694759571893
2010,author,0.002471610388711,51,2185288.0,0.5901913157441948
2010,banker,-0.029207075439368,34,14587124.0,0.5410439371050798
2010,bartender,-0.0129336670616452,31,4333742.0,0.5766259274317668
2010,biologist,-0.018034137639331,43,787255.0,0.4826085575829941
2010,broker,-0.0258118152501485,41,10664755.0,0.4929184964867922
2010,caregiver,0.0457819359545004,31,34521769.0,0.8574524381992128
2010,carpenter,-0.0214505257496308,46,11891302.0,0.019265510202331
2010,chef,-0.007876188109251,50,4195021.0,0.2103507944298729
2010,clergy,0.0009197522758854,30,4434396.0,0.1892374970570964
2010,clerk,0.0055864526140994,50,13794074.0,0.8154268274912836
2010,coach,-0.026334078859476,51,2943172.0,0.3809940431615957
2010,consultant,-0.0060726829488662,50,8091778.0,0.4183951907726583
2010,contractor,-0.0326901607958551,50,14451362.0,0.0532077184143612
2010,counselor,0.0320416920982216,49,7675436.0,0.7192856536097754
2010,custodian,0.0007370878902037,29,25418140.0,0.3272727272727272
2010,dancer,0.0296083562988883,48,209728.0,0.8049378242294781
2010,dentist,0.0006136036001931,38,1684664.0,0.2946724094537545
2010,designer,0.0075358651220649,49,8330612.0,0.5406955695451907
2010,detective,-0.030331094264889,50,2151223.0,0.3254892681976717
2010,dispatcher,-0.0070923597265934,40,2828461.0,0.5546510982474214
2010,doctor,0.0183092769511811,51,9139932.0,0.3609473243345792
2010,driver,-0.0130758264674161,51,44530187.0,0.122928318266438
2010,editor,0.0004991801567132,51,1688648.0,0.546094864056926
2010,engineer,-0.0335108841288027,50,18997913.0,0.1327033658907691
2010,executive,-0.0044879344816369,51,11910087.0,0.2489450328952257
2010,farmer,-0.0179928448703062,50,5900705.0,0.1397229653066879
2010,firefighter,-0.0250183587802447,49,2939105.0,0.0444873524423251
2010,gardener,0.0153129667020648,30,13148833.0,0.0605907763829687
2010,inspector,-0.0267410580026538,47,9490444.0,0.3347092085470395
2010,instructor,-0.0011453859429619,50,23588358.0,0.5388317830346648
2010,journalist,-0.0064850039796522,50,774821.0,0.4593035036479393
2010,judge,0.0064547465969477,51,11028164.0,0.3649656461401916
2010,lawyer,-0.0115703621652693,51,11028164.0,0.3649656461401916
2010,librarian,0.0328203236272066,43,1764063.0,0.8295695788642469
2010,manager,-0.0176267582570892,51,50100852.0,0.3458448371297158
2010,mechanic,-0.0487462660899261,46,15532101.0,0.0199447582783552
2010,miner,-0.0250569759899204,37,1728296.0,0.0246902151020427
2010,musician,-0.024296319620966,50,1981061.0,0.3355409045960725
2010,nurse,0.0515120024086834,50,30388405.0,0.8955158719254926
2010,painter,-0.0077494956742417,43,5720707.0,0.0667317868228525
2010,paramedic,-0.0098693545818314,42,2085293.0,0.3172906637100877
2010,pastor,-0.0230530238909539,50,4434396.0,0.1892374970570964
2010,pharmacist,-0.0014370102565282,32,2925322.0,0.5648574755189343
2010,photographer,-0.0099809610609982,50,1653890.0,0.4670225952149175
2010,physician,0.0132826000534377,50,9139932.0,0.3609473243345792
2010,police,-0.0234314832360906,51,8531224.0,0.141084092974232
2010,professor,-0.0021522931098701,51,14624357.0,0.4947033910619113
2010,prosecutor,-0.0108663615228756,51,11028164.0,0.3649656461401916
2010,psychologist,0.0211693602102262,35,2034776.0,0.7140555029153086
2010,realtor,-0.0012792312174316,36,8127224.0,0.5548948816963825
2010,reporter,-0.0003417040584319,51,774821.0,0.4593035036479393
2010,sailor,-0.0269465173610251,40,336038.0,0.0726554734881174
2010,scientist,-0.0052688974834847,50,6426869.0,0.4260206641834461
2010,secretary,0.0026739630017028,51,32573015.0,0.94806081045921
2010,sheriff,-0.0238750814197533,51,7425989.0,0.1398740289003929
2010,soldier,-0.0367518149063662,50,4191166.0,0.1309506710065886
2010,surgeon,-0.0014454972509496,46,9139932.0,0.3609473243345792
2010,teacher,0.0312635060051265,51,52053969.0,0.7835631131220753
2010,technician,-0.007640180627626,49,11944997.0,0.5040209721274941
2010,teller,-0.0169795506522158,30,3570007.0,0.8414311232442961
2010,therapist,0.039112002688961,49,6450978.0,0.7459858024628203
2010,trooper,-0.0296053267703964,48,7425989.0,0.1398740289003929
2010,veterinarian,0.0132936354579129,41,803269.0,0.5920619369103003
2010,writer,-0.0011150324931305,51,2769919.0,0.5851568222753084
2015,accountant,-0.0076436495810799,41,18543805.0,0.6006973218279635
2015,administrator,0.0101912377590119,51,19118645.0,0.6575998455957522
2015,architect,-0.0234473574652646,50,2393771.0,0.2878232713154265
2015,artist,0.0089847207312097,51,2588159.0,0.4773632531849859
2015,athlete,-0.0032746160457052,50,3345031.0,0.4058691832751325
2015,attendant,0.0116911595848891,41,4182629.0,0.3801594642986504
2015,attorney,-0.0132690882421148,51,12173759.0,0.3920280498406449
2015,auditor,0.002877733846259,41,18543805.0,0.6006973218279635
2015,author,0.0087882143891058,51,2386746.0,0.6017611425765457
2015,banker,-0.0187355963625927,38,16828145.0,0.5495797070918987
2015,bartender,-0.0147020435346722,34,4362594.0,0.5736250038394588
2015,biologist,-0.0165079022289861,43,931024.0,0.4949517950128031
2015,broker,-0.0202556745770503,43,11510716.0,0.5043280539629333
2015,caregiver,0.0409087575481961,47,34899593.0,0.8493317099715174
2015,carpenter,-0.0177225234306066,48,12120107.0,0.0227170436696639
2015,chef,-0.0041350334895515,50,4721406.0,0.228460759358547
2015,clergy,0.0034343631672004,32,4697133.0,0.200145067214405
2015,clerk,0.0123661725875451,51,14197767.0,0.813565330379066
2015,coach,-0.0247090343513511,51,3345031.0,0.4058691832751325
2015,consultant,-0.0097368538130915,50,9798485.0,0.4365120730398628
2015,contractor,-0.029906425842104,50,16249089.0,0.0658611076596355
2015,counselor,0.0296882183501722,50,9156285.0,0.7459642202050286
2015,custodian,0.0046325395622133,33,24645771.0,0.3486751946206106
2015,dancer,0.0217520328803885,49,202692.0,0.764337023661516
2015,dentist,0.0007280057764419,43,1769251.0,0.3412602281982602
2015,designer,0.0118587681661086,49,9259920.0,0.5651694615072268
2015,detective,-0.0317520471013185,49,2400770.0,0.3522703132744911
2015,dispatcher,-0.0018688573411444,46,2859592.0,0.5644560482754183
2015,doctor,0.0182742425758179,51,9876421.0,0.3833633661424518
2015,driver,-0.0109901799234765,51,47803397.0,0.1268311329422886
2015,editor,0.0006366141411472,51,1554656.0,0.5766163061153078
2015,engineer,-0.0325569265341682,50,23271914.0,0.147787242596376
2015,executive,0.001702702429577,51,14349529.0,0.2790377300885625
2015,farmer,-0.0121316509008431,50,5793149.0,0.1482378582011269
2015,firefighter,-0.0214613188804918,50,3242944.0,0.047660705827791
2015,gardener,0.0152337716795647,39,12902327.0,0.0676558577379103
2015,inspector,-0.022997116161419,48,10122577.0,0.3367029956897339
2015,instructor,-0.0024460509747482,50,24400134.0,0.5453421280391328
2015,journalist,-0.0013055839119953,51,808580.0,0.4671658957678893
2015,judge,0.0026707181396856,51,12173759.0,0.3920280498406449
2015,lawyer,-0.0115141126491395,51,12173759.0,0.3920280498406449
2015,librarian,0.0319768974942062,44,1940977.0,0.8153507228576125
2015,manager,-0.0105288053489691,51,62858568.0,0.3779129521372488
2015,mechanic,-0.0463732861616261,47,15929783.0,0.0224107886466501
2015,miner,-0.0201720244799672,40,1424685.0,0.0283094157655902
2015,musician,-0.0208400614841927,50,2053788.0,0.3331707070057864
2015,nurse,0.0485494008976402,50,33790321.0,0.8827577577614607
2015,painter,-0.0071075249680244,43,5663674.0,0.0812882238631672
2015,paramedic,-0.0080172573966489,45,2393267.0,0.3497106674683602
2015,pastor,-0.0233874348848951,50,4697133.0,0.200145067214405
2015,pharmacist,0.0008371066281963,36,3381139.0,0.5948720238949065
2015,photographer,-0.0078829955800573,50,1827147.0,0.4858601962513142
2015,physician,0.0135144018003139,50,9876421.0,0.3833633661424518
2015,police,-0.0246196111314587,51,9185319.0,0.1438193926634448
2015,professor,0.0024348005425977,51,14833586.0,0.4995453560588788
2015,prosecutor,-0.012642425797447,51,12173759.0,0.3920280498406449
2015,psychologist,0.0187162278614757,40,2388177.0,0.739108952142157
2015,realtor,0.0060166200590345,42,9196122.0,0.5596743931844315
2015,reporter,-0.0004695447136247,51,808580.0,0.4671658957678893
2015,sailor,-0.0268821345668379,42,383001.0,0.0869841070911042
2015,scientist,-0.0040575376987509,50,8148000.0,0.4453144329896907
2015,secretary,0.0046481831009324,51,28318201.0,0.9375647132386694
2015,sheriff,-0.0252003585429137,51,8120675.0,0.1421381843258103
2015,soldier,-0.0363482205202106,50,4754571.0,0.1456688731748879
2015,surgeon,0.0011423704004655,50,9876421.0,0.3833633661424518
2015,teacher,0.0328889928230915,51,55139567.0,0.7809899014985011
2015,technician,-0.009295393168857,48,13524213.0,0.490308382454491
2015,teller,-0.0130291050234657,32,2833419.0,0.8336045604268201
2015,therapist,0.0362885614039528,50,7814484.0,0.7482058956163964
2015,trooper,-0.0305576833744634,48,8120675.0,0.1421381843258103
2015,veterinarian,0.0078163589154237,45,960267.0,0.6472949710861666
2015,writer,0.0006550231504848,51,3013692.0,0.5947011174333674
