ACS measure,ours_family_sphere (within window),ours_household (within window),ours_occupation (within window),ours_family_sphere (change),ours_household (change),ours_occupation (change)
matched_female_share,-0.12020698211925684,0.0465391192175298,0.027466735457486097,-0.1585813801926875,0.2583198057357441,-0.1157802136876594
duncan,0.1327837783840796,-0.06734579082201056,-0.2420741650216041,-0.1260863929255718,0.1292552558229964,0.0171990328350149
female_emp_share,0.059103859894310336,0.058999599370201807,-0.16971045511223345,0.1389655901971746,0.1529971153183751,0.1006810517465364
motherhood_emp_gap,0.01168638807322613,0.10721250393712907,0.0013739824091004993,0.0188670720495731,0.0126691378324219,0.360946902394503
motherhood_hours_gap,0.13090076477008905,0.10610827912706473,-0.21473333589292057,-0.0995367761925159,-0.1891644790180363,0.2751740743253094
married_women_nilf,-0.055925225052032033,0.058178360751523606,0.014706062692135138,0.068593305874814,-0.1492741649286653,0.2324796307221085
wife_earnings_share,0.015079571979940731,0.101998747384906,-0.09152005350027097,0.0653748249893302,0.0761057947204432,0.2667342418980399
wife_earns_more,0.05730401595511503,0.08188703327548891,-0.17706024368220355,0.0984560037179438,0.1169631067520671,0.2298171657212833
gender_emp_gap,0.032892893044659165,0.08374048835971797,-0.06645335103748336,0.1877364059493642,0.1548525754495851,0.1479259087802171
