state,n_points,n_windows,r
alabama,194,3,0.382955023369363
alaska,147,3,0.47057718534649073
arizona,129,2,0.45051016494161816
arkansas,119,2,0.36983986145554915
california,216,3,0.6067519287841502
colorado,211,3,0.591600950627555
connecticut,184,3,0.5406457236257408
delaware,130,3,0.2946682007435254
district_of_columbia,119,3,0.24686106849448897
florida,213,3,0.49500622670910444
georgia,208,3,0.5894085135178482
hawaii,160,3,0.37940176150912625
idaho,186,3,0.4501001162978884
illinois,216,3,0.6069936159033952
indiana,214,3,0.6057381710572981
iowa,204,3,0.5787623988731497
kansas,162,3,0.47613770491548246
kentucky,191,3,0.5766969535019604
louisiana,191,3,0.49207328849908494
maine,169,3,0.5586507101712239
maryland,197,3,0.6358693353704548
massachusetts,214,3,0.6770660272651693
michigan,215,3,0.5948621012535349
minnesota,203,3,0.5997253256038352
mississippi,179,3,0.5061752227286526
missouri,210,3,0.5822107373710762
montana,188,3,0.5438636471140271
nebraska,175,3,0.5561854341140758
nevada,188,3,0.5390124168297082
new_hampshire,68,3,0.028876414876219638
new_jersey,208,3,0.6484526218753338
new_mexico,142,3,0.45942004770852446
new_york,216,3,0.6992659451963403
north_carolina,207,3,0.6093540595095055
north_dakota,140,3,0.44241886983883344
ohio,216,3,0.5943058083550798
oklahoma,196,3,0.4747483161052944
oregon,204,3,0.5899885901068381
pennsylvania,216,3,0.6553852782252324
rhode_island,169,3,0.5194673236028621
south_carolina,161,3,0.3351965900854516
south_dakota,152,3,0.41380758835313286
tennessee,200,3,0.5455104344758667
texas,215,3,0.6161617647813696
utah,173,3,0.44150239163735006
vermont,186,3,0.4467709575849653
virginia,210,3,0.52504637008296
washington,215,3,0.5102579846072938
west_virginia,172,3,0.4972628159664515
wisconsin,199,3,0.5039801304928552
wyoming,144,3,0.526469614019915
